split,resampling,resampling_unit,n_units,metric,point_estimate,ci_low,ci_high,ci_width,n_test,prevalence,n_companies,n_plants,n_sources
group_company,row_level,row,9825,top_10pct_capture,0.6991150442477876,0.6771376752048458,0.7240452810626438,0.04690760585779796,9825,0.11501272264631043,17,61,20
group_company,row_level,row,9825,top_10pct_precision,0.8044806517311609,0.7667769857433808,0.8441955193482689,0.07741853360488804,9825,0.11501272264631043,17,61,20
group_company,row_level,row,9825,top_10pct_lift,6.994710091379341,6.774824499885551,7.244139395560564,0.46931489567501306,9825,0.11501272264631043,17,61,20
group_company,row_level,row,9825,top_10pct_review_saving,0.85703481817889,0.8523947004058704,0.8619573774636264,0.009562677057756042,9825,0.11501272264631043,17,61,20
group_company,row_level,row,9825,top_10pct_median_opportunity,0.17676767676767663,0.17115728913045963,0.18063262202797548,0.009475332897515842,9825,0.11501272264631043,17,61,20
group_company,row_level,row,9825,top_10pct_share_opportunity_ge_10,0.7834394904458599,0.7562129543669214,0.8142577774842186,0.058044823117297195,9825,0.11501272264631043,17,61,20
group_company,row_level,row,9825,top_20pct_capture,0.8716814159292036,0.8528857677208523,0.8926646935684663,0.039778925847614,9825,0.11501272264631043,17,61,20
group_company,row_level,row,9825,top_20pct_precision,0.5012722646310432,0.4758142493638677,0.5282442748091603,0.05243002544529257,9825,0.11501272264631043,17,61,20
group_company,row_level,row,9825,top_20pct_lift,4.3584070796460175,4.264428838604262,4.463323467842331,0.1988946292380689,9825,0.11501272264631043,17,61,20
group_company,row_level,row,9825,top_20pct_review_saving,0.7705583756345178,0.7655020077336498,0.7759517077252318,0.010449699991581962,9825,0.11501272264631043,17,61,20
group_company,row_level,row,9825,top_20pct_median_opportunity,0.18574324324324318,0.1788413098236775,0.19096360628618692,0.012122296462509424,9825,0.11501272264631043,17,61,20
group_company,row_level,row,9825,top_20pct_share_opportunity_ge_10,0.813265306122449,0.7887285133647577,0.8379794936403916,0.049250980275633904,9825,0.11501272264631043,17,61,20
group_company,cluster_company,company,17,top_10pct_capture,0.6991150442477876,0.6734293279468665,0.9464420995670996,0.2730127716202331,9825,0.11501272264631043,17,61,20
group_company,cluster_company,company,17,top_10pct_precision,0.8044806517311609,0.3273362327331726,0.8655866278498647,0.5382503951166921,9825,0.11501272264631043,17,61,20
group_company,cluster_company,company,17,top_10pct_lift,6.994710091379341,6.734000579194876,9.467625050730518,2.7336244715356424,9825,0.11501272264631043,17,61,20
group_company,cluster_company,company,17,top_10pct_review_saving,0.85703481817889,0.8514998642722862,0.8943768900997426,0.04287702582745645,9825,0.11501272264631043,17,61,20
group_company,cluster_company,company,17,top_10pct_median_opportunity,0.17676767676767663,0.08704162394411834,0.22362300302808813,0.13658137908396978,9825,0.11501272264631043,17,61,20
group_company,cluster_company,company,17,top_10pct_share_opportunity_ge_10,0.7834394904458599,0.4782274247491639,0.8196644651491921,0.3414370404000282,9825,0.11501272264631043,17,61,20
group_company,cluster_company,company,17,top_20pct_capture,0.8716814159292036,0.8543624446786612,0.9935075408462506,0.1391450961675894,9825,0.11501272264631043,17,61,20
group_company,cluster_company,company,17,top_20pct_precision,0.5012722646310432,0.18544350005448404,0.5472917990870018,0.3618482990325177,9825,0.11501272264631043,17,61,20
group_company,cluster_company,company,17,top_20pct_lift,4.3584070796460175,4.272303607741234,4.967754478624294,0.69545087088306,9825,0.11501272264631043,17,61,20
group_company,cluster_company,company,17,top_20pct_review_saving,0.7705583756345178,0.7659342378428057,0.7987018069126606,0.032767569069854896,9825,0.11501272264631043,17,61,20
group_company,cluster_company,company,17,top_20pct_median_opportunity,0.18574324324324318,0.12676056338028185,0.2717265353418309,0.14496597196154903,9825,0.11501272264631043,17,61,20
group_company,cluster_company,company,17,top_20pct_share_opportunity_ge_10,0.813265306122449,0.5260371767241379,0.8396587038571297,0.31362152713299185,9825,0.11501272264631043,17,61,20
group_company,cluster_plant,plant,61,top_10pct_capture,0.6991150442477876,0.583760683991062,0.8064972071256038,0.22273652313454184,9825,0.11501272264631043,17,61,20
group_company,cluster_plant,plant,61,top_10pct_precision,0.8044806517311609,0.7038657953096896,0.8597368768465662,0.15587108153687657,9825,0.11501272264631043,17,61,20
group_company,cluster_plant,plant,61,top_10pct_lift,6.994710091379341,5.838144835746074,8.065018172015183,2.226873336269109,9825,0.11501272264631043,17,61,20
group_company,cluster_plant,plant,61,top_10pct_review_saving,0.85703481817889,0.8287127101265735,0.8760077179611875,0.047295007834613934,9825,0.11501272264631043,17,61,20
group_company,cluster_plant,plant,61,top_10pct_median_opportunity,0.17676767676767663,0.1597938144329896,0.19825708061002167,0.03846326617703208,9825,0.11501272264631043,17,61,20
group_company,cluster_plant,plant,61,top_10pct_share_opportunity_ge_10,0.7834394904458599,0.7084262408485618,0.8414330048031938,0.13300676395463207,9825,0.11501272264631043,17,61,20
group_company,cluster_plant,plant,61,top_20pct_capture,0.8716814159292036,0.8078868783266286,0.9352135476134212,0.1273266692867926,9825,0.11501272264631043,17,61,20
group_company,cluster_plant,plant,61,top_20pct_precision,0.5012722646310432,0.4085673330601593,0.5899706439393939,0.1814033108792346,9825,0.11501272264631043,17,61,20
group_company,cluster_plant,plant,61,top_20pct_lift,4.3584070796460175,4.039016514011589,4.676067738067107,0.6370512240555177,9825,0.11501272264631043,17,61,20
group_company,cluster_plant,plant,61,top_20pct_review_saving,0.7705583756345178,0.7524149752573713,0.7861450982767498,0.0337301230193785,9825,0.11501272264631043,17,61,20
group_company,cluster_plant,plant,61,top_20pct_median_opportunity,0.18574324324324318,0.16620498614958448,0.22453423566878972,0.058329249519205234,9825,0.11501272264631043,17,61,20
group_company,cluster_plant,plant,61,top_20pct_share_opportunity_ge_10,0.813265306122449,0.7420900518234429,0.8739048902044121,0.1318148383809692,9825,0.11501272264631043,17,61,20
group_company,cluster_source,source,20,top_10pct_capture,0.6991150442477876,0.6727882003638727,0.9477175245098038,0.2749293241459312,9825,0.11501272264631043,17,61,20
group_company,cluster_source,source,20,top_10pct_precision,0.8044806517311609,0.3725120236773955,0.8638184881001477,0.4913064644227522,9825,0.11501272264631043,17,61,20
group_company,cluster_source,source,20,top_10pct_lift,6.994710091379341,6.7278629561303465,9.471338762626264,2.7434758064959173,9825,0.11501272264631043,17,61,20
group_company,cluster_source,source,20,top_10pct_review_saving,0.85703481817889,0.8513643920176048,0.8944183032026446,0.04305391118503976,9825,0.11501272264631043,17,61,20
group_company,cluster_source,source,20,top_10pct_median_opportunity,0.17676767676767663,0.08726415094339629,0.22486717959402305,0.13760302865062676,9825,0.11501272264631043,17,61,20
group_company,cluster_source,source,20,top_10pct_share_opportunity_ge_10,0.7834394904458599,0.48269623411978224,0.8178912614767878,0.33519502735700557,9825,0.11501272264631043,17,61,20
group_company,cluster_source,source,20,top_20pct_capture,0.8716814159292036,0.8540747900448429,0.992708386504007,0.13863359645916407,9825,0.11501272264631043,17,61,20
group_company,cluster_source,source,20,top_20pct_precision,0.5012722646310432,0.20342742844264142,0.543369118622961,0.3399416901803196,9825,0.11501272264631043,17,61,20
group_company,cluster_source,source,20,top_20pct_lift,4.3584070796460175,4.270308682200584,4.965038462483719,0.6947297802831347,9825,0.11501272264631043,17,61,20
group_company,cluster_source,source,20,top_20pct_review_saving,0.7705583756345178,0.7658248912463919,0.798591691167059,0.03276679992066711,9825,0.11501272264631043,17,61,20
group_company,cluster_source,source,20,top_20pct_median_opportunity,0.18574324324324318,0.1334761124705819,0.27317073170731715,0.13969461923673526,9825,0.11501272264631043,17,61,20
group_company,cluster_source,source,20,top_20pct_share_opportunity_ge_10,0.813265306122449,0.5333333333333333,0.8378389908680011,0.30450565753466774,9825,0.11501272264631043,17,61,20
group_company,block_issue_quarter,issue_block,12,top_10pct_capture,0.6991150442477876,0.6847042177462339,0.9019661125319693,0.21726189478573543,9825,0.11501272264631043,17,61,20
group_company,block_issue_quarter,issue_block,12,top_10pct_precision,0.8044806517311609,0.3458628770580459,0.8812295455486971,0.5353666684906513,9825,0.11501272264631043,17,61,20
group_company,block_issue_quarter,issue_block,12,top_10pct_lift,6.994710091379341,6.847122070324859,8.999955705321456,2.152833634996597,9825,0.11501272264631043,17,61,20
group_company,block_issue_quarter,issue_block,12,top_10pct_review_saving,0.85703481817889,0.8539532390788045,0.8888883415160087,0.03493510243720421,9825,0.11501272264631043,17,61,20
group_company,block_issue_quarter,issue_block,12,top_10pct_median_opportunity,0.17676767676767663,0.06633905902887968,0.27340936807095345,0.20707030904207377,9825,0.11501272264631043,17,61,20
group_company,block_issue_quarter,issue_block,12,top_10pct_share_opportunity_ge_10,0.7834394904458599,0.4473287888395688,0.813271543963888,0.36594275512431923,9825,0.11501272264631043,17,61,20
group_company,block_issue_quarter,issue_block,12,top_20pct_capture,0.8716814159292036,0.8610973226166845,0.9924691276931161,0.13137180507643165,9825,0.11501272264631043,17,61,20
group_company,block_issue_quarter,issue_block,12,top_20pct_precision,0.5012722646310432,0.19665384615384615,0.5751185840556104,0.37846473790176427,9825,0.11501272264631043,17,61,20
group_company,block_issue_quarter,issue_block,12,top_20pct_lift,4.3584070796460175,4.305682294918327,4.968357219185214,0.662674924266887,9825,0.11501272264631043,17,61,20
group_company,block_issue_quarter,issue_block,12,top_20pct_review_saving,0.7705583756345178,0.7677487718807688,0.7987262276140857,0.030977455733316894,9825,0.11501272264631043,17,61,20
group_company,block_issue_quarter,issue_block,12,top_20pct_median_opportunity,0.18574324324324318,0.13616071428571433,0.2754838709677421,0.13932315668202774,9825,0.11501272264631043,17,61,20
group_company,block_issue_quarter,issue_block,12,top_20pct_share_opportunity_ge_10,0.813265306122449,0.5263157894736842,0.8360876316889331,0.3097718422152489,9825,0.11501272264631043,17,61,20
group_epd_source,row_level,row,4574,top_10pct_capture,0.6993987975951904,0.6629808094759752,0.7359072197296816,0.0729264102537065,4574,0.10909488412767818,26,167,17
group_epd_source,row_level,row,4574,top_10pct_precision,0.7636761487964989,0.7089715536105032,0.8074398249452954,0.09846827133479219,4574,0.10909488412767818,26,167,17
group_epd_source,row_level,row,4574,top_10pct_lift,7.000109628447267,6.635610990247507,7.3655133983447785,0.7299024080972716,4574,0.10909488412767818,26,167,17
group_epd_source,row_level,row,4574,top_10pct_review_saving,0.857145094423069,0.8492979769192329,0.864232136530639,0.014934159611406095,4574,0.10909488412767818,26,167,17
group_epd_source,row_level,row,4574,top_10pct_median_opportunity,0.29072681704260667,0.25799272231170167,0.33248730964467005,0.07449458733296838,4574,0.10909488412767818,26,167,17
group_epd_source,row_level,row,4574,top_10pct_share_opportunity_ge_10,0.6811594202898551,0.632206787033835,0.7315687969245852,0.09936200989075017,4574,0.10909488412767818,26,167,17
group_epd_source,row_level,row,4574,top_20pct_capture,0.8937875751503006,0.8667728946157386,0.9192624223602484,0.05248952774450977,4574,0.10909488412767818,26,167,17
group_epd_source,row_level,row,4574,top_20pct_precision,0.48743169398907105,0.4458743169398907,0.5234972677595628,0.07762295081967213,4574,0.10909488412767818,26,167,17
group_epd_source,row_level,row,4574,top_20pct_lift,4.467961058729481,4.332917180297693,4.595307453416149,0.26239027311845575,4574,0.10909488412767818,26,167,17
group_epd_source,row_level,row,4574,top_20pct_review_saving,0.7761842623837992,0.7692086008456992,0.7823867036279178,0.013178102782218648,4574,0.10909488412767818,26,167,17
group_epd_source,row_level,row,4574,top_20pct_median_opportunity,0.3217693148583759,0.29125544443633355,0.3436705800520939,0.05241513561576033,4574,0.10909488412767818,26,167,17
group_epd_source,row_level,row,4574,top_20pct_share_opportunity_ge_10,0.748868778280543,0.7051725986277874,0.788685190070049,0.08351259144226164,4574,0.10909488412767818,26,167,17
group_epd_source,cluster_company,company,26,top_10pct_capture,0.6993987975951904,0.4835241609613213,0.8925507059057467,0.4090265449444254,4574,0.10909488412767818,26,167,17
group_epd_source,cluster_company,company,26,top_10pct_precision,0.7636761487964989,0.5875125383569856,0.8856280431635741,0.29811550480658855,4574,0.10909488412767818,26,167,17
group_epd_source,cluster_company,company,26,top_10pct_lift,7.000109628447267,4.836292051780755,8.932309658232155,4.0960176064514,4574,0.10909488412767818,26,167,17
group_epd_source,cluster_company,company,26,top_10pct_review_saving,0.857145094423069,0.79323001735032,0.8880468726946272,0.09481685534430728,4574,0.10909488412767818,26,167,17
group_epd_source,cluster_company,company,26,top_10pct_median_opportunity,0.29072681704260667,0.13129496402877702,0.36543367346938777,0.23413870944061074,4574,0.10909488412767818,26,167,17
group_epd_source,cluster_company,company,26,top_10pct_share_opportunity_ge_10,0.6811594202898551,0.5429538532838983,0.8106971153846154,0.2677432621007171,4574,0.10909488412767818,26,167,17
group_epd_source,cluster_company,company,26,top_20pct_capture,0.8937875751503006,0.7557799254428469,0.9615506329113924,0.20577070746854553,4574,0.10909488412767818,26,167,17
group_epd_source,cluster_company,company,26,top_20pct_precision,0.48743169398907105,0.31811072089422604,0.6749606154973438,0.3568498946031177,4574,0.10909488412767818,26,167,17
group_epd_source,cluster_company,company,26,top_20pct_lift,4.467961058729481,3.778286839324483,4.807443907600566,1.0291570682760836,4574,0.10909488412767818,26,167,17
group_epd_source,cluster_company,company,26,top_20pct_review_saving,0.7761842623837992,0.735329656580595,0.7919892503124439,0.05665959373184892,4574,0.10909488412767818,26,167,17
group_epd_source,cluster_company,company,26,top_20pct_median_opportunity,0.3217693148583759,0.17892867676983595,0.3735414837089129,0.19461280693907693,4574,0.10909488412767818,26,167,17
group_epd_source,cluster_company,company,26,top_20pct_share_opportunity_ge_10,0.748868778280543,0.6016940257416202,0.8517585083805805,0.2500644826389603,4574,0.10909488412767818,26,167,17
group_epd_source,cluster_plant,plant,167,top_10pct_capture,0.6993987975951904,0.5918577177631947,0.7887012177667517,0.196843500003557,4574,0.10909488412767818,26,167,17
group_epd_source,cluster_plant,plant,167,top_10pct_precision,0.7636761487964989,0.6715280926817138,0.8236689595960628,0.15214086691434903,4574,0.10909488412767818,26,167,17
group_epd_source,cluster_plant,plant,167,top_10pct_lift,7.000109628447267,5.9185949906690025,7.8904403984193445,1.971845407750342,4574,0.10909488412767818,26,167,17
group_epd_source,cluster_plant,plant,167,top_10pct_review_saving,0.857145094423069,0.8310409780654988,0.8732643617189275,0.0422233836534287,4574,0.10909488412767818,26,167,17
group_epd_source,cluster_plant,plant,167,top_10pct_median_opportunity,0.29072681704260667,0.2133550488599348,0.3375771117117017,0.12422206285176687,4574,0.10909488412767818,26,167,17
group_epd_source,cluster_plant,plant,167,top_10pct_share_opportunity_ge_10,0.6811594202898551,0.6126993903787233,0.7551198386331276,0.14242044825440425,4574,0.10909488412767818,26,167,17
group_epd_source,cluster_plant,plant,167,top_20pct_capture,0.8937875751503006,0.8280628654970761,0.9406681380417335,0.11260527254465746,4574,0.10909488412767818,26,167,17
group_epd_source,cluster_plant,plant,167,top_20pct_precision,0.48743169398907105,0.4064541861677124,0.5683570843188293,0.16190289815111686,4574,0.10909488412767818,26,167,17
group_epd_source,cluster_plant,plant,167,top_20pct_lift,4.467961058729481,4.140297019967202,4.70118448921637,0.5608874692491685,4574,0.10909488412767818,26,167,17
group_epd_source,cluster_plant,plant,167,top_20pct_review_saving,0.7761842623837992,0.758471433473886,0.7872876492480242,0.028816215774138176,4574,0.10909488412767818,26,167,17
group_epd_source,cluster_plant,plant,167,top_20pct_median_opportunity,0.3217693148583759,0.2724935732647816,0.3470291573514971,0.07453558408671551,4574,0.10909488412767818,26,167,17
group_epd_source,cluster_plant,plant,167,top_20pct_share_opportunity_ge_10,0.748868778280543,0.6833684639091312,0.8054408445093614,0.12207238060023018,4574,0.10909488412767818,26,167,17
group_epd_source,cluster_source,source,17,top_10pct_capture,0.6993987975951904,0.4784203629530733,0.8938234582411504,0.4154030952880771,4574,0.10909488412767818,26,167,17
group_epd_source,cluster_source,source,17,top_10pct_precision,0.7636761487964989,0.5748221644427002,0.8775599193165639,0.3027377548738637,4574,0.10909488412767818,26,167,17
group_epd_source,cluster_source,source,17,top_10pct_lift,7.000109628447267,4.784320083519735,8.947459885625596,4.163139802105861,4574,0.10909488412767818,26,167,17
group_epd_source,cluster_source,source,17,top_10pct_review_saving,0.857145094423069,0.7909836951944508,0.8882364363594477,0.09725274116499694,4574,0.10909488412767818,26,167,17
group_epd_source,cluster_source,source,17,top_10pct_median_opportunity,0.29072681704260667,0.17654320987654318,0.3588917525773196,0.1823485427007764,4574,0.10909488412767818,26,167,17
group_epd_source,cluster_source,source,17,top_10pct_share_opportunity_ge_10,0.6811594202898551,0.5812478081162326,0.784690759851218,0.2034429517349854,4574,0.10909488412767818,26,167,17
group_epd_source,cluster_source,source,17,top_20pct_capture,0.8937875751503006,0.7358053022656875,0.9648246113379396,0.2290193090722521,4574,0.10909488412767818,26,167,17
group_epd_source,cluster_source,source,17,top_20pct_precision,0.48743169398907105,0.3200527105460576,0.6749704840613932,0.35491777351533554,4574,0.10909488412767818,26,167,17
group_epd_source,cluster_source,source,17,top_20pct_lift,4.467961058729481,3.680883862722763,4.822869248277558,1.1419853855547952,4574,0.10909488412767818,26,167,17
group_epd_source,cluster_source,source,17,top_20pct_review_saving,0.7761842623837992,0.7283259907550633,0.7926545484590597,0.06432855770399637,4574,0.10909488412767818,26,167,17
group_epd_source,cluster_source,source,17,top_20pct_median_opportunity,0.3217693148583759,0.2332065906210393,0.3605356198784034,0.12732902925736408,4574,0.10909488412767818,26,167,17
group_epd_source,cluster_source,source,17,top_20pct_share_opportunity_ge_10,0.748868778280543,0.630619852008717,0.8284904485049834,0.19787059649626648,4574,0.10909488412767818,26,167,17
group_epd_source,block_issue_quarter,issue_block,20,top_10pct_capture,0.6993987975951904,0.5498889405304914,0.8631955797283702,0.3133066391978788,4574,0.10909488412767818,26,167,17
group_epd_source,block_issue_quarter,issue_block,20,top_10pct_precision,0.7636761487964989,0.6461859083813055,0.8167820190770636,0.17059611069575809,4574,0.10909488412767818,26,167,17
group_epd_source,block_issue_quarter,issue_block,20,top_10pct_lift,7.000109628447267,5.498948193308307,8.633583350718473,3.134635157410166,4574,0.10909488412767818,26,167,17
group_epd_source,block_issue_quarter,issue_block,20,top_10pct_review_saving,0.857145094423069,0.818146993392626,0.8841732332273312,0.06602623983470524,4574,0.10909488412767818,26,167,17
group_epd_source,block_issue_quarter,issue_block,20,top_10pct_median_opportunity,0.29072681704260667,0.14706471164967838,0.3381352959486639,0.19107058429898555,4574,0.10909488412767818,26,167,17
group_epd_source,block_issue_quarter,issue_block,20,top_10pct_share_opportunity_ge_10,0.6811594202898551,0.5445610811693614,0.7868384786472135,0.24227739747785204,4574,0.10909488412767818,26,167,17
group_epd_source,block_issue_quarter,issue_block,20,top_20pct_capture,0.8937875751503006,0.8024084146536554,0.9579340708963648,0.15552565624270942,4574,0.10909488412767818,26,167,17
group_epd_source,block_issue_quarter,issue_block,20,top_20pct_precision,0.48743169398907105,0.3651601918290315,0.5796426321788514,0.2144824403498199,4574,0.10909488412767818,26,167,17
group_epd_source,block_issue_quarter,issue_block,20,top_20pct_lift,4.467961058729481,4.013755919534802,4.7896868941337365,0.7759309745989347,4574,0.10909488412767818,26,167,17
group_epd_source,block_issue_quarter,issue_block,20,top_20pct_review_saving,0.7761842623837992,0.7508567830089503,0.7912180847667368,0.040361301757786516,4574,0.10909488412767818,26,167,17
group_epd_source,block_issue_quarter,issue_block,20,top_20pct_median_opportunity,0.3217693148583759,0.24128686327077753,0.34391025641025647,0.10262339313947894,4574,0.10909488412767818,26,167,17
group_epd_source,block_issue_quarter,issue_block,20,top_20pct_share_opportunity_ge_10,0.748868778280543,0.619558014667365,0.8368749195754412,0.2173169049080762,4574,0.10909488412767818,26,167,17
temporal_latest20,row_level,row,9629,top_10pct_capture,0.7857142857142857,0.7599016063024496,0.8149567490494297,0.05505514274698009,9629,0.08432859071554678,72,351,73
temporal_latest20,row_level,row,9629,top_10pct_precision,0.6625129802699896,0.6261422637590861,0.7009345794392523,0.0747923156801662,9629,0.08432859071554678,72,351,73
temporal_latest20,row_level,row,9629,top_10pct_lift,7.856326954457796,7.598226964783268,8.148721221803697,0.5504942570204294,9629,0.08432859071554678,72,351,73
temporal_latest20,row_level,row,9629,top_10pct_review_saving,0.8727140550798251,0.8683903488261716,0.8772813582827577,0.008891009456586052,9629,0.08432859071554678,72,351,73
temporal_latest20,row_level,row,9629,top_10pct_median_opportunity,0.32296357098186357,0.3142144638403988,0.3397466038341976,0.025532139993798775,9629,0.08432859071554678,72,351,73
temporal_latest20,row_level,row,9629,top_10pct_share_opportunity_ge_10,0.8517350157728707,0.8241839477726575,0.8801859443421175,0.05600199656946003,9629,0.08432859071554678,72,351,73
temporal_latest20,row_level,row,9629,top_20pct_capture,0.9408866995073891,0.9226749788894667,0.9560864127575182,0.033411433868051454,9629,0.08432859071554678,72,351,73
temporal_latest20,row_level,row,9629,top_20pct_precision,0.39667705088265837,0.3712227414330218,0.4231827622014538,0.05196002076843198,9629,0.08432859071554678,72,351,73
temporal_latest20,row_level,row,9629,top_20pct_lift,4.703944979001376,4.612895831633788,4.779935653396751,0.1670398217629634,9629,0.08432859071554678,72,351,73
temporal_latest20,row_level,row,9629,top_20pct_review_saving,0.7874124794265143,0.783216434304535,0.7907921627898229,0.007575728485287869,9629,0.08432859071554678,72,351,73
temporal_latest20,row_level,row,9629,top_20pct_median_opportunity,0.32500000000000007,0.31614603971293964,0.339303188131313,0.023157148418373352,9629,0.08432859071554678,72,351,73
temporal_latest20,row_level,row,9629,top_20pct_share_opportunity_ge_10,0.8710526315789474,0.8469480193132661,0.8945206851143992,0.04757266580113306,9629,0.08432859071554678,72,351,73
temporal_latest20,cluster_company,company,72,top_10pct_capture,0.7857142857142857,0.6753939390406007,0.8901098901098901,0.2147159510692893,9629,0.08432859071554678,72,351,73
temporal_latest20,cluster_company,company,72,top_10pct_precision,0.6625129802699896,0.4713248392017152,0.7572690056626099,0.2859441664608947,9629,0.08432859071554678,72,351,73
temporal_latest20,cluster_company,company,72,top_10pct_lift,7.856326954457796,6.753491771729774,8.898085562136075,2.144593790406301,9629,0.08432859071554678,72,351,73
temporal_latest20,cluster_company,company,72,top_10pct_review_saving,0.8727140550798251,0.8519284491456384,0.887616273679137,0.03568782453349861,9629,0.08432859071554678,72,351,73
temporal_latest20,cluster_company,company,72,top_10pct_median_opportunity,0.32296357098186357,0.28563595901463007,0.37219117797738993,0.08655521896275986,9629,0.08432859071554678,72,351,73
temporal_latest20,cluster_company,company,72,top_10pct_share_opportunity_ge_10,0.8517350157728707,0.7382272489148332,0.9004449783161836,0.16221772940135049,9629,0.08432859071554678,72,351,73
temporal_latest20,cluster_company,company,72,top_20pct_capture,0.9408866995073891,0.8814738209834055,0.9789480600318141,0.09747423904840857,9629,0.08432859071554678,72,351,73
temporal_latest20,cluster_company,company,72,top_20pct_precision,0.39667705088265837,0.25788125414225427,0.49621426018584697,0.2383330060435927,9629,0.08432859071554678,72,351,73
temporal_latest20,cluster_company,company,72,top_20pct_lift,4.703944979001376,4.408081459209889,4.894750216842953,0.4866687576330637,9629,0.08432859071554678,72,351,73
temporal_latest20,cluster_company,company,72,top_20pct_review_saving,0.7874124794265143,0.7731439380327804,0.7956994829174052,0.022555544884624856,9629,0.08432859071554678,72,351,73
temporal_latest20,cluster_company,company,72,top_20pct_median_opportunity,0.32500000000000007,0.29636953990032733,0.3957322732805842,0.09936273338025686,9629,0.08432859071554678,72,351,73
temporal_latest20,cluster_company,company,72,top_20pct_share_opportunity_ge_10,0.8710526315789474,0.7575062947067239,0.9145235753317721,0.15701728062504816,9629,0.08432859071554678,72,351,73
temporal_latest20,cluster_plant,plant,351,top_10pct_capture,0.7857142857142857,0.7198448517195819,0.8403701333736898,0.12052528165410792,9629,0.08432859071554678,72,351,73
temporal_latest20,cluster_plant,plant,351,top_10pct_precision,0.6625129802699896,0.6008099794639379,0.7328729560138443,0.1320629765499064,9629,0.08432859071554678,72,351,73
temporal_latest20,cluster_plant,plant,351,top_10pct_lift,7.856326954457796,7.200713750841781,8.40122300027912,1.2005092494373395,9629,0.08432859071554678,72,351,73
temporal_latest20,cluster_plant,plant,351,top_10pct_review_saving,0.8727140550798251,0.8611248669932706,0.8809697110655557,0.01984484407228504,9629,0.08432859071554678,72,351,73
temporal_latest20,cluster_plant,plant,351,top_10pct_median_opportunity,0.32296357098186357,0.3098236775818642,0.346793349168646,0.03696967158678183,9629,0.08432859071554678,72,351,73
temporal_latest20,cluster_plant,plant,351,top_10pct_share_opportunity_ge_10,0.8517350157728707,0.8161461314147113,0.8920502184025414,0.07590408698783013,9629,0.08432859071554678,72,351,73
temporal_latest20,cluster_plant,plant,351,top_20pct_capture,0.9408866995073891,0.901232190860215,0.9640734972155693,0.06284130635535434,9629,0.08432859071554678,72,351,73
temporal_latest20,cluster_plant,plant,351,top_20pct_precision,0.39667705088265837,0.34643423011034535,0.4551358052744844,0.10870157516413903,9629,0.08432859071554678,72,351,73
temporal_latest20,cluster_plant,plant,351,top_20pct_lift,4.703944979001376,4.507111948619257,4.82075155659183,0.31363960797257295,9629,0.08432859071554678,72,351,73
temporal_latest20,cluster_plant,plant,351,top_20pct_review_saving,0.7874124794265143,0.7781284254473436,0.7925634647124205,0.014435039265076832,9629,0.08432859071554678,72,351,73
temporal_latest20,cluster_plant,plant,351,top_20pct_median_opportunity,0.32500000000000007,0.31155201040313935,0.34952065054719955,0.037968640144060206,9629,0.08432859071554678,72,351,73
temporal_latest20,cluster_plant,plant,351,top_20pct_share_opportunity_ge_10,0.8710526315789474,0.8363402238465052,0.9049586276139039,0.0686184037673987,9629,0.08432859071554678,72,351,73
temporal_latest20,cluster_source,source,73,top_10pct_capture,0.7857142857142857,0.6778877663333396,0.8802895732604583,0.20240180692711873,9629,0.08432859071554678,72,351,73
temporal_latest20,cluster_source,source,73,top_10pct_precision,0.6625129802699896,0.49379244646705844,0.7574755346139905,0.2636830881469321,9629,0.08432859071554678,72,351,73
temporal_latest20,cluster_source,source,73,top_10pct_lift,7.856326954457796,6.776666471181894,8.80038370775794,2.0237172365760454,9629,0.08432859071554678,72,351,73
temporal_latest20,cluster_source,source,73,top_10pct_review_saving,0.8727140550798251,0.8524348185587197,0.8863685902504521,0.033933771691732395,9629,0.08432859071554678,72,351,73
temporal_latest20,cluster_source,source,73,top_10pct_median_opportunity,0.32296357098186357,0.29023692127695144,0.371078431372549,0.08084151009559754,9629,0.08432859071554678,72,351,73
temporal_latest20,cluster_source,source,73,top_10pct_share_opportunity_ge_10,0.8517350157728707,0.7506534852546917,0.9006974281202216,0.1500439428655299,9629,0.08432859071554678,72,351,73
temporal_latest20,cluster_source,source,73,top_20pct_capture,0.9408866995073891,0.8840219565962413,0.9748972303245166,0.09087527372827531,9629,0.08432859071554678,72,351,73
temporal_latest20,cluster_source,source,73,top_20pct_precision,0.39667705088265837,0.2722719238253825,0.4892934926295154,0.21702156880413287,9629,0.08432859071554678,72,351,73
temporal_latest20,cluster_source,source,73,top_20pct_lift,4.703944979001376,4.421132274394441,4.873900327439757,0.4527680530453164,9629,0.08432859071554678,72,351,73
temporal_latest20,cluster_source,source,73,top_20pct_review_saving,0.7874124794265143,0.7738135932423936,0.7948255126740698,0.02101191943167613,9629,0.08432859071554678,72,351,73
temporal_latest20,cluster_source,source,73,top_20pct_median_opportunity,0.32500000000000007,0.29782065051372075,0.3936109355246523,0.09579028501093156,9629,0.08432859071554678,72,351,73
temporal_latest20,cluster_source,source,73,top_20pct_share_opportunity_ge_10,0.8710526315789474,0.7756461042926055,0.9153187298085257,0.1396726255159202,9629,0.08432859071554678,72,351,73
temporal_latest20,block_issue_quarter,issue_block,12,top_10pct_capture,0.7857142857142857,0.7516023955320135,0.8409480074719801,0.0893456119399666,9629,0.08432859071554678,72,351,73
temporal_latest20,block_issue_quarter,issue_block,12,top_10pct_precision,0.6625129802699896,0.508922748447205,0.7119758044019723,0.2030530559547673,9629,0.08432859071554678,72,351,73
temporal_latest20,block_issue_quarter,issue_block,12,top_10pct_lift,7.856326954457796,7.5166541081882565,8.41123770299081,0.8945835948025538,9629,0.08432859071554678,72,351,73
temporal_latest20,block_issue_quarter,issue_block,12,top_10pct_review_saving,0.8727140550798251,0.8669620836989793,0.881111431473143,0.014149347774163656,9629,0.08432859071554678,72,351,73
temporal_latest20,block_issue_quarter,issue_block,12,top_10pct_median_opportunity,0.32296357098186357,0.29703727736606583,0.34367541766109766,0.04663814029503183,9629,0.08432859071554678,72,351,73
temporal_latest20,block_issue_quarter,issue_block,12,top_10pct_share_opportunity_ge_10,0.8517350157728707,0.7595439189189189,0.8838486861020068,0.12430476718308792,9629,0.08432859071554678,72,351,73
temporal_latest20,block_issue_quarter,issue_block,12,top_20pct_capture,0.9408866995073891,0.8939749908725811,0.9623327162126422,0.06835772534006102,9629,0.08432859071554678,72,351,73
temporal_latest20,block_issue_quarter,issue_block,12,top_20pct_precision,0.39667705088265837,0.2853200319675893,0.44339781808575146,0.15807778611816214,9629,0.08432859071554678,72,351,73
temporal_latest20,block_issue_quarter,issue_block,12,top_20pct_lift,4.703944979001376,4.470737097296659,4.810601469363496,0.3398643720668364,9629,0.08432859071554678,72,351,73
temporal_latest20,block_issue_quarter,issue_block,12,top_20pct_review_saving,0.7874124794265143,0.7763232371698027,0.792125781204102,0.01580254403429937,9629,0.08432859071554678,72,351,73
temporal_latest20,block_issue_quarter,issue_block,12,top_20pct_median_opportunity,0.32500000000000007,0.30168067226890766,0.3446048632218844,0.042924190952976726,9629,0.08432859071554678,72,351,73
temporal_latest20,block_issue_quarter,issue_block,12,top_20pct_share_opportunity_ge_10,0.8710526315789474,0.7722930538740921,0.902406202323421,0.13011314844932886,9629,0.08432859071554678,72,351,73
