split,cost_ratio_missed_to_review,review_fraction,cost_model,cost_random,cost_review_all,cost_review_none,is_optimum
group_company,2,0.02,2070.0,2410.8,9825.0,2260.0,
group_company,2,0.04,1889.0,2562.6,9825.0,2260.0,
group_company,2,0.06,1744.0,2714.4,9825.0,2260.0,
group_company,2,0.08,1634.0,2865.2000000000003,9825.0,2260.0,
group_company,2,0.1,1662.0,3016.0,9825.0,2260.0,
group_company,2,0.12,1805.0,3167.8,9825.0,2260.0,
group_company,2,0.14,1900.0,3319.6,9825.0,2260.0,
group_company,2,0.16,2002.0,3470.3999999999996,9825.0,2260.0,
group_company,2,0.18,2120.0,3621.2,9825.0,2260.0,
group_company,2,0.2,2255.0,3773.0,9825.0,2260.0,
group_company,2,0.22,2392.0,3924.8,9825.0,2260.0,
group_company,2,0.24,2554.0,4075.6,9825.0,2260.0,
group_company,2,0.26,2692.0,4226.4,9825.0,2260.0,
group_company,2,0.28,2861.0,4378.2,9825.0,2260.0,
group_company,2,0.3,3034.0,4530.0,9825.0,2260.0,
group_company,2,0.32,3216.0,4680.8,9825.0,2260.0,
group_company,2,0.34,3399.0,4832.6,9825.0,2260.0,
group_company,2,0.36,3589.0,4983.4,9825.0,2260.0,
group_company,2,0.38,3782.0,5135.2,9825.0,2260.0,
group_company,2,0.4,3976.0,5286.0,9825.0,2260.0,
group_company,2,0.42,4168.0,5436.8,9825.0,2260.0,
group_company,2,0.44,4359.0,5588.6,9825.0,2260.0,
group_company,2,0.46,4550.0,5740.4,9825.0,2260.0,
group_company,2,0.48,4746.0,5891.2,9825.0,2260.0,
group_company,2,0.5,4940.0,6042.0,9825.0,2260.0,
group_company,2,0.52,5135.0,6193.8,9825.0,2260.0,
group_company,2,0.54,5326.0,6345.6,9825.0,2260.0,
group_company,2,0.56,5522.0,6496.4,9825.0,2260.0,
group_company,2,0.58,5718.0,6647.2,9825.0,2260.0,
group_company,2,0.6,5915.0,6799.0,9825.0,2260.0,
group_company,2,0.62,6112.0,6950.8,9825.0,2260.0,
group_company,2,0.64,6302.0,7101.6,9825.0,2260.0,
group_company,2,0.66,6496.0,7252.4,9825.0,2260.0,
group_company,2,0.68,6693.0,7404.2,9825.0,2260.0,
group_company,2,0.7,6886.0,7556.0,9825.0,2260.0,
group_company,2,0.72,7080.0,7706.8,9825.0,2260.0,
group_company,2,0.74,7272.0,7857.6,9825.0,2260.0,
group_company,2,0.76,7469.0,8009.4,9825.0,2260.0,
group_company,2,0.78,7666.0,8161.2,9825.0,2260.0,
group_company,2,0.8,7862.0,8312.0,9825.0,2260.0,
group_company,2,0.82,8058.0,8462.8,9825.0,2260.0,
group_company,2,0.84,8255.0,8614.6,9825.0,2260.0,
group_company,2,0.86,8452.0,8766.4,9825.0,2260.0,
group_company,2,0.88,8646.0,8917.2,9825.0,2260.0,
group_company,2,0.9,8842.0,9068.0,9825.0,2260.0,
group_company,2,0.92,9039.0,9219.8,9825.0,2260.0,
group_company,2,0.94,9236.0,9371.6,9825.0,2260.0,
group_company,2,0.96,9432.0,9522.4,9825.0,2260.0,
group_company,2,0.98,9628.0,9673.2,9825.0,2260.0,
group_company,2,1.0,9825.0,9825.0,9825.0,2260.0,
group_company,2,0.08,1634.0,2865.2000000000003,9825.0,2260.0,True
group_company,5,0.02,4881.0,5733.0,9825.0,5650.0,
group_company,5,0.04,4133.0,5817.0,9825.0,5650.0,
group_company,5,0.06,3475.0,5901.0,9825.0,5650.0,
group_company,5,0.08,2906.0,5984.000000000001,9825.0,5650.0,
group_company,5,0.1,2682.0,6067.0,9825.0,5650.0,
group_company,5,0.12,2744.0,6151.0,9825.0,5650.0,
group_company,5,0.14,2686.0,6235.0,9825.0,5650.0,
group_company,5,0.16,2647.0,6318.0,9825.0,5650.0,
group_company,5,0.18,2648.0,6401.0,9825.0,5650.0,
group_company,5,0.2,2690.0,6485.0,9825.0,5650.0,
group_company,5,0.22,2737.0,6569.0,9825.0,5650.0,
group_company,5,0.24,2848.0,6652.0,9825.0,5650.0,
group_company,5,0.26,2899.0,6735.0,9825.0,5650.0,
group_company,5,0.28,3026.0,6819.0,9825.0,5650.0,
group_company,5,0.3,3163.0,6903.0,9825.0,5650.0,
group_company,5,0.32,3324.0,6986.0,9825.0,5650.0,
group_company,5,0.34,3486.0,7070.0,9825.0,5650.0,
group_company,5,0.36,3667.0,7153.0,9825.0,5650.0,
group_company,5,0.38,3854.0,7237.0,9825.0,5650.0,
group_company,5,0.4,4045.0,7320.0,9825.0,5650.0,
group_company,5,0.42,4231.0,7403.0,9825.0,5650.0,
group_company,5,0.44,4413.0,7487.0,9825.0,5650.0,
group_company,5,0.46,4595.0,7571.0,9825.0,5650.0,
group_company,5,0.48,4791.0,7654.0,9825.0,5650.0,
group_company,5,0.5,4982.0,7737.0,9825.0,5650.0,
group_company,5,0.52,5174.0,7821.0,9825.0,5650.0,
group_company,5,0.54,5356.0,7905.0,9825.0,5650.0,
group_company,5,0.56,5552.0,7988.0,9825.0,5650.0,
group_company,5,0.58,5748.0,8071.0,9825.0,5650.0,
group_company,5,0.6,5945.0,8155.0,9825.0,5650.0,
group_company,5,0.62,6142.0,8239.0,9825.0,5650.0,
group_company,5,0.64,6323.0,8322.0,9825.0,5650.0,
group_company,5,0.66,6514.0,8405.0,9825.0,5650.0,
group_company,5,0.68,6711.0,8489.0,9825.0,5650.0,
group_company,5,0.7,6898.0,8573.0,9825.0,5650.0,
group_company,5,0.72,7089.0,8656.0,9825.0,5650.0,
group_company,5,0.74,7275.0,8739.0,9825.0,5650.0,
group_company,5,0.76,7472.0,8823.0,9825.0,5650.0,
group_company,5,0.78,7669.0,8907.0,9825.0,5650.0,
group_company,5,0.8,7865.0,8990.0,9825.0,5650.0,
group_company,5,0.82,8061.0,9073.0,9825.0,5650.0,
group_company,5,0.84,8258.0,9157.0,9825.0,5650.0,
group_company,5,0.86,8455.0,9241.0,9825.0,5650.0,
group_company,5,0.88,8646.0,9324.0,9825.0,5650.0,
group_company,5,0.9,8842.0,9407.0,9825.0,5650.0,
group_company,5,0.92,9039.0,9491.0,9825.0,5650.0,
group_company,5,0.94,9236.0,9575.0,9825.0,5650.0,
group_company,5,0.96,9432.0,9658.0,9825.0,5650.0,
group_company,5,0.98,9628.0,9741.0,9825.0,5650.0,
group_company,5,1.0,9825.0,9825.0,9825.0,5650.0,
group_company,5,0.16,2647.0,6318.0,9825.0,5650.0,True
group_company,10,0.02,9566.0,11270.0,9825.0,11300.0,
group_company,10,0.04,7873.0,11241.0,9825.0,11300.0,
group_company,10,0.06,6360.0,11212.0,9825.0,11300.0,
group_company,10,0.08,5026.0,11182.000000000002,9825.0,11300.0,
group_company,10,0.1,4382.0,11152.0,9825.0,11300.0,
group_company,10,0.12,4309.0,11123.0,9825.0,11300.0,
group_company,10,0.14,3996.0,11094.0,9825.0,11300.0,
group_company,10,0.16,3722.0,11064.0,9825.0,11300.0,
group_company,10,0.18,3528.0,11034.0,9825.0,11300.0,
group_company,10,0.2,3415.0,11005.0,9825.0,11300.0,
group_company,10,0.22,3312.0,10976.0,9825.0,11300.0,
group_company,10,0.24,3338.0,10946.0,9825.0,11300.0,
group_company,10,0.26,3244.0,10916.0,9825.0,11300.0,
group_company,10,0.28,3301.0,10887.0,9825.0,11300.0,
group_company,10,0.3,3378.0,10858.0,9825.0,11300.0,
group_company,10,0.32,3504.0,10828.0,9825.0,11300.0,
group_company,10,0.34,3631.0,10799.0,9825.0,11300.0,
group_company,10,0.36,3797.0,10769.0,9825.0,11300.0,
group_company,10,0.38,3974.0,10740.0,9825.0,11300.0,
group_company,10,0.4,4160.0,10710.0,9825.0,11300.0,
group_company,10,0.42,4336.0,10680.0,9825.0,11300.0,
group_company,10,0.44,4503.0,10651.0,9825.0,11300.0,
group_company,10,0.46,4670.0,10622.0,9825.0,11300.0,
group_company,10,0.48,4866.0,10592.0,9825.0,11300.0,
group_company,10,0.5,5052.0,10562.0,9825.0,11300.0,
group_company,10,0.52,5239.0,10533.0,9825.0,11300.0,
group_company,10,0.54,5406.0,10504.0,9825.0,11300.0,
group_company,10,0.56,5602.0,10474.0,9825.0,11300.0,
group_company,10,0.58,5798.0,10444.0,9825.0,11300.0,
group_company,10,0.6,5995.0,10415.0,9825.0,11300.0,
group_company,10,0.62,6192.0,10386.0,9825.0,11300.0,
group_company,10,0.64,6358.0,10356.0,9825.0,11300.0,
group_company,10,0.66,6544.0,10326.0,9825.0,11300.0,
group_company,10,0.68,6741.0,10297.0,9825.0,11300.0,
group_company,10,0.7,6918.0,10268.0,9825.0,11300.0,
group_company,10,0.72,7104.0,10238.0,9825.0,11300.0,
group_company,10,0.74,7280.0,10208.0,9825.0,11300.0,
group_company,10,0.76,7477.0,10179.0,9825.0,11300.0,
group_company,10,0.78,7674.0,10150.0,9825.0,11300.0,
group_company,10,0.8,7870.0,10120.0,9825.0,11300.0,
group_company,10,0.82,8066.0,10090.0,9825.0,11300.0,
group_company,10,0.84,8263.0,10061.0,9825.0,11300.0,
group_company,10,0.86,8460.0,10032.0,9825.0,11300.0,
group_company,10,0.88,8646.0,10002.0,9825.0,11300.0,
group_company,10,0.9,8842.0,9972.0,9825.0,11300.0,
group_company,10,0.92,9039.0,9943.0,9825.0,11300.0,
group_company,10,0.94,9236.0,9914.0,9825.0,11300.0,
group_company,10,0.96,9432.0,9884.0,9825.0,11300.0,
group_company,10,0.98,9628.0,9854.0,9825.0,11300.0,
group_company,10,1.0,9825.0,9825.0,9825.0,11300.0,
group_company,10,0.26,3244.0,10916.0,9825.0,11300.0,True
group_company,20,0.02,18936.0,22344.0,9825.0,22600.0,
group_company,20,0.04,15353.0,22089.0,9825.0,22600.0,
group_company,20,0.06,12130.0,21834.0,9825.0,22600.0,
group_company,20,0.08,9266.0,21578.000000000004,9825.0,22600.0,
group_company,20,0.1,7782.0,21322.0,9825.0,22600.0,
group_company,20,0.12,7439.0,21067.0,9825.0,22600.0,
group_company,20,0.14,6616.0,20812.0,9825.0,22600.0,
group_company,20,0.16,5872.0,20556.0,9825.0,22600.0,
group_company,20,0.18,5288.0,20300.0,9825.0,22600.0,
group_company,20,0.2,4865.0,20045.0,9825.0,22600.0,
group_company,20,0.22,4462.0,19790.0,9825.0,22600.0,
group_company,20,0.24,4318.0,19534.0,9825.0,22600.0,
group_company,20,0.26,3934.0,19278.0,9825.0,22600.0,
group_company,20,0.28,3851.0,19023.0,9825.0,22600.0,
group_company,20,0.3,3808.0,18768.0,9825.0,22600.0,
group_company,20,0.32,3864.0,18512.0,9825.0,22600.0,
group_company,20,0.34,3921.0,18257.0,9825.0,22600.0,
group_company,20,0.36,4057.0,18001.0,9825.0,22600.0,
group_company,20,0.38,4214.0,17746.0,9825.0,22600.0,
group_company,20,0.4,4390.0,17490.0,9825.0,22600.0,
group_company,20,0.42,4546.0,17234.0,9825.0,22600.0,
group_company,20,0.44,4683.0,16979.0,9825.0,22600.0,
group_company,20,0.46,4820.0,16724.0,9825.0,22600.0,
group_company,20,0.48,5016.0,16468.0,9825.0,22600.0,
group_company,20,0.5,5192.0,16212.0,9825.0,22600.0,
group_company,20,0.52,5369.0,15957.0,9825.0,22600.0,
group_company,20,0.54,5506.0,15702.0,9825.0,22600.0,
group_company,20,0.56,5702.0,15445.999999999998,9825.0,22600.0,
group_company,20,0.58,5898.0,15190.0,9825.0,22600.0,
group_company,20,0.6,6095.0,14935.0,9825.0,22600.0,
group_company,20,0.62,6292.0,14680.0,9825.0,22600.0,
group_company,20,0.64,6428.0,14424.0,9825.0,22600.0,
group_company,20,0.66,6604.0,14168.0,9825.0,22600.0,
group_company,20,0.68,6801.0,13913.0,9825.0,22600.0,
group_company,20,0.7,6958.0,13658.0,9825.0,22600.0,
group_company,20,0.72,7134.0,13402.0,9825.0,22600.0,
group_company,20,0.74,7290.0,13146.0,9825.0,22600.0,
group_company,20,0.76,7487.0,12891.0,9825.0,22600.0,
group_company,20,0.78,7684.0,12636.0,9825.0,22600.0,
group_company,20,0.8,7880.0,12380.0,9825.0,22600.0,
group_company,20,0.82,8076.0,12124.000000000002,9825.0,22600.0,
group_company,20,0.84,8273.0,11869.0,9825.0,22600.0,
group_company,20,0.86,8470.0,11614.0,9825.0,22600.0,
group_company,20,0.88,8646.0,11358.0,9825.0,22600.0,
group_company,20,0.9,8842.0,11102.0,9825.0,22600.0,
group_company,20,0.92,9039.0,10847.0,9825.0,22600.0,
group_company,20,0.94,9236.0,10592.000000000002,9825.0,22600.0,
group_company,20,0.96,9432.0,10336.0,9825.0,22600.0,
group_company,20,0.98,9628.0,10080.0,9825.0,22600.0,
group_company,20,1.0,9825.0,9825.0,9825.0,22600.0,
group_company,20,0.3,3808.0,18768.0,9825.0,22600.0,True
group_company,50,0.02,47046.0,55566.00000000001,9825.0,56500.0,
group_company,50,0.04,37793.0,54633.0,9825.0,56500.0,
group_company,50,0.06,29440.0,53700.0,9825.0,56500.0,
group_company,50,0.08,21986.0,52766.00000000001,9825.0,56500.0,
group_company,50,0.1,17982.0,51832.0,9825.0,56500.0,
group_company,50,0.12,16829.0,50899.0,9825.0,56500.0,
group_company,50,0.14,14476.0,49966.0,9825.0,56500.0,
group_company,50,0.16,12322.0,49032.0,9825.0,56500.0,
group_company,50,0.18,10568.0,48098.0,9825.0,56500.0,
group_company,50,0.2,9215.0,47165.0,9825.0,56500.0,
group_company,50,0.22,7912.0,46232.0,9825.0,56500.0,
group_company,50,0.24,7258.0,45298.0,9825.0,56500.0,
group_company,50,0.26,6004.0,44364.0,9825.0,56500.0,
group_company,50,0.28,5501.0,43431.0,9825.0,56500.0,
group_company,50,0.3,5098.0,42498.0,9825.0,56500.0,
group_company,50,0.32,4944.0,41564.0,9825.0,56500.0,
group_company,50,0.34,4791.0,40631.0,9825.0,56500.0,
group_company,50,0.36,4837.0,39697.0,9825.0,56500.0,
group_company,50,0.38,4934.0,38764.0,9825.0,56500.0,
group_company,50,0.4,5080.0,37830.0,9825.0,56500.0,
group_company,50,0.42,5176.0,36896.00000000001,9825.0,56500.0,
group_company,50,0.44,5223.0,35963.0,9825.0,56500.0,
group_company,50,0.46,5270.0,35030.0,9825.0,56500.0,
group_company,50,0.48,5466.0,34096.0,9825.0,56500.0,
group_company,50,0.5,5612.0,33162.0,9825.0,56500.0,
group_company,50,0.52,5759.0,32229.0,9825.0,56500.0,
group_company,50,0.54,5806.0,31295.999999999996,9825.0,56500.0,
group_company,50,0.56,6002.0,30361.999999999996,9825.0,56500.0,
group_company,50,0.58,6198.0,29428.0,9825.0,56500.0,
group_company,50,0.6,6395.0,28495.0,9825.0,56500.0,
group_company,50,0.62,6592.0,27562.0,9825.0,56500.0,
group_company,50,0.64,6638.0,26628.0,9825.0,56500.0,
group_company,50,0.66,6784.0,25694.0,9825.0,56500.0,
group_company,50,0.68,6981.0,24761.0,9825.0,56500.0,
group_company,50,0.7,7078.0,23828.000000000004,9825.0,56500.0,
group_company,50,0.72,7224.0,22894.0,9825.0,56500.0,
group_company,50,0.74,7320.0,21960.0,9825.0,56500.0,
group_company,50,0.76,7517.0,21027.0,9825.0,56500.0,
group_company,50,0.78,7714.0,20094.0,9825.0,56500.0,
group_company,50,0.8,7910.0,19159.999999999996,9825.0,56500.0,
group_company,50,0.82,8106.0,18226.000000000004,9825.0,56500.0,
group_company,50,0.84,8303.0,17293.0,9825.0,56500.0,
group_company,50,0.86,8500.0,16360.0,9825.0,56500.0,
group_company,50,0.88,8646.0,15426.0,9825.0,56500.0,
group_company,50,0.9,8842.0,14491.999999999998,9825.0,56500.0,
group_company,50,0.92,9039.0,13558.999999999996,9825.0,56500.0,
group_company,50,0.94,9236.0,12626.000000000004,9825.0,56500.0,
group_company,50,0.96,9432.0,11692.000000000002,9825.0,56500.0,
group_company,50,0.98,9628.0,10758.0,9825.0,56500.0,
group_company,50,1.0,9825.0,9825.0,9825.0,56500.0,
group_company,50,0.34,4791.0,40631.0,9825.0,56500.0,True
group_company,100,0.02,93896.0,110936.00000000001,9825.0,113000.0,
group_company,100,0.04,75193.0,108873.0,9825.0,113000.0,
group_company,100,0.06,58290.0,106810.0,9825.0,113000.0,
group_company,100,0.08,43186.0,104746.00000000001,9825.0,113000.0,
group_company,100,0.1,34982.0,102682.0,9825.0,113000.0,
group_company,100,0.12,32479.0,100619.0,9825.0,113000.0,
group_company,100,0.14,27576.0,98556.0,9825.0,113000.0,
group_company,100,0.16,23072.0,96492.0,9825.0,113000.0,
group_company,100,0.18,19368.0,94428.0,9825.0,113000.0,
group_company,100,0.2,16465.0,92365.0,9825.0,113000.0,
group_company,100,0.22,13662.0,90302.0,9825.0,113000.0,
group_company,100,0.24,12158.0,88238.0,9825.0,113000.0,
group_company,100,0.26,9454.0,86174.0,9825.0,113000.0,
group_company,100,0.28,8251.0,84111.0,9825.0,113000.0,
group_company,100,0.3,7248.0,82048.0,9825.0,113000.0,
group_company,100,0.32,6744.0,79984.0,9825.0,113000.0,
group_company,100,0.34,6241.0,77921.0,9825.0,113000.0,
group_company,100,0.36,6137.0,75857.0,9825.0,113000.0,
group_company,100,0.38,6134.0,73794.0,9825.0,113000.0,
group_company,100,0.4,6230.0,71730.0,9825.0,113000.0,
group_company,100,0.42,6226.0,69666.00000000001,9825.0,113000.0,
group_company,100,0.44,6123.0,67603.0,9825.0,113000.0,
group_company,100,0.46,6020.0,65540.0,9825.0,113000.0,
group_company,100,0.48,6216.0,63476.0,9825.0,113000.0,
group_company,100,0.5,6312.0,61412.0,9825.0,113000.0,
group_company,100,0.52,6409.0,59349.0,9825.0,113000.0,
group_company,100,0.54,6306.0,57285.99999999999,9825.0,113000.0,
group_company,100,0.56,6502.0,55221.99999999999,9825.0,113000.0,
group_company,100,0.58,6698.0,53158.0,9825.0,113000.0,
group_company,100,0.6,6895.0,51095.0,9825.0,113000.0,
group_company,100,0.62,7092.0,49032.0,9825.0,113000.0,
group_company,100,0.64,6988.0,46968.0,9825.0,113000.0,
group_company,100,0.66,7084.0,44904.0,9825.0,113000.0,
group_company,100,0.68,7281.0,42841.0,9825.0,113000.0,
group_company,100,0.7,7278.0,40778.00000000001,9825.0,113000.0,
group_company,100,0.72,7374.0,38714.0,9825.0,113000.0,
group_company,100,0.74,7370.0,36650.0,9825.0,113000.0,
group_company,100,0.76,7567.0,34587.0,9825.0,113000.0,
group_company,100,0.78,7764.0,32523.999999999996,9825.0,113000.0,
group_company,100,0.8,7960.0,30459.999999999993,9825.0,113000.0,
group_company,100,0.82,8156.0,28396.000000000007,9825.0,113000.0,
group_company,100,0.84,8353.0,26333.000000000004,9825.0,113000.0,
group_company,100,0.86,8550.0,24270.0,9825.0,113000.0,
group_company,100,0.88,8646.0,22206.0,9825.0,113000.0,
group_company,100,0.9,8842.0,20141.999999999996,9825.0,113000.0,
group_company,100,0.92,9039.0,18078.999999999993,9825.0,113000.0,
group_company,100,0.94,9236.0,16016.000000000005,9825.0,113000.0,
group_company,100,0.96,9432.0,13952.000000000004,9825.0,113000.0,
group_company,100,0.98,9628.0,11888.000000000002,9825.0,113000.0,
group_company,100,1.0,9825.0,9825.0,9825.0,113000.0,
group_company,100,0.46,6020.0,65540.0,9825.0,113000.0,True
group_epd_source,2,0.02,911.0,1069.04,4574.0,998.0,
group_epd_source,2,0.04,825.0,1141.08,4574.0,998.0,
group_epd_source,2,0.06,788.0,1212.12,4574.0,998.0,
group_epd_source,2,0.08,766.0,1284.16,4574.0,998.0,
group_epd_source,2,0.1,757.0,1355.2,4574.0,998.0,
group_epd_source,2,0.12,773.0,1427.24,4574.0,998.0,
group_epd_source,2,0.14,844.0,1498.28,4574.0,998.0,
group_epd_source,2,0.16,896.0,1570.32,4574.0,998.0,
group_epd_source,2,0.18,953.0,1641.3600000000001,4574.0,998.0,
group_epd_source,2,0.2,1021.0,1713.4,4574.0,998.0,
group_epd_source,2,0.22,1094.0,1784.44,4574.0,998.0,
group_epd_source,2,0.24,1172.0,1856.48,4574.0,998.0,
group_epd_source,2,0.26,1249.0,1927.52,4574.0,998.0,
group_epd_source,2,0.28,1329.0,1999.56,4574.0,998.0,
group_epd_source,2,0.3,1414.0,2070.6,4574.0,998.0,
group_epd_source,2,0.32,1504.0,2142.64,4574.0,998.0,
group_epd_source,2,0.34,1591.0,2213.68,4574.0,998.0,
group_epd_source,2,0.36,1681.0,2285.7200000000003,4574.0,998.0,
group_epd_source,2,0.38,1760.0,2356.76,4574.0,998.0,
group_epd_source,2,0.4,1850.0,2428.8,4574.0,998.0,
group_epd_source,2,0.42,1939.0,2499.84,4574.0,998.0,
group_epd_source,2,0.44,2029.0,2571.88,4574.0,998.0,
group_epd_source,2,0.46,2116.0,2642.92,4574.0,998.0,
group_epd_source,2,0.48,2204.0,2714.96,4574.0,998.0,
group_epd_source,2,0.5,2293.0,2786.0,4574.0,998.0,
group_epd_source,2,0.52,2384.0,2857.04,4574.0,998.0,
group_epd_source,2,0.54,2474.0,2929.08,4574.0,998.0,
group_epd_source,2,0.56,2563.0,3000.12,4574.0,998.0,
group_epd_source,2,0.58,2655.0,3072.16,4574.0,998.0,
group_epd_source,2,0.6,2746.0,3143.2,4574.0,998.0,
group_epd_source,2,0.62,2838.0,3215.24,4574.0,998.0,
group_epd_source,2,0.64,2929.0,3286.2799999999997,4574.0,998.0,
group_epd_source,2,0.66,3021.0,3358.32,4574.0,998.0,
group_epd_source,2,0.68,3112.0,3429.36,4574.0,998.0,
group_epd_source,2,0.7,3204.0,3501.4,4574.0,998.0,
group_epd_source,2,0.72,3295.0,3572.44,4574.0,998.0,
group_epd_source,2,0.74,3387.0,3644.48,4574.0,998.0,
group_epd_source,2,0.76,3478.0,3715.52,4574.0,998.0,
group_epd_source,2,0.78,3570.0,3787.56,4574.0,998.0,
group_epd_source,2,0.8,3661.0,3858.6,4574.0,998.0,
group_epd_source,2,0.82,3753.0,3930.64,4574.0,998.0,
group_epd_source,2,0.84,3844.0,4001.68,4574.0,998.0,
group_epd_source,2,0.86,3936.0,4073.7200000000003,4574.0,998.0,
group_epd_source,2,0.88,4025.0,4144.76,4574.0,998.0,
group_epd_source,2,0.9,4117.0,4216.8,4574.0,998.0,
group_epd_source,2,0.92,4208.0,4287.84,4574.0,998.0,
group_epd_source,2,0.94,4300.0,4359.88,4574.0,998.0,
group_epd_source,2,0.96,4391.0,4430.92,4574.0,998.0,
group_epd_source,2,0.98,4483.0,4502.96,4574.0,998.0,
group_epd_source,2,1.0,4574.0,4574.0,4574.0,998.0,
group_epd_source,2,0.1,757.0,1355.2,4574.0,998.0,True
group_epd_source,5,0.02,2141.0,2536.1,4574.0,2495.0,
group_epd_source,5,0.04,1788.0,2578.2,4574.0,2495.0,
group_epd_source,5,0.06,1559.0,2619.2999999999997,4574.0,2495.0,
group_epd_source,5,0.08,1366.0,2661.4,4574.0,2495.0,
group_epd_source,5,0.1,1207.0,2702.5,4574.0,2495.0,
group_epd_source,5,0.12,1109.0,2744.6,4574.0,2495.0,
group_epd_source,5,0.14,1150.0,2785.7,4574.0,2495.0,
group_epd_source,5,0.16,1142.0,2827.7999999999997,4574.0,2495.0,
group_epd_source,5,0.18,1148.0,2868.9,4574.0,2495.0,
group_epd_source,5,0.2,1180.0,2911.0,4574.0,2495.0,
group_epd_source,5,0.22,1226.0,2952.1000000000004,4574.0,2495.0,
group_epd_source,5,0.24,1283.0,2994.2,4574.0,2495.0,
group_epd_source,5,0.26,1339.0,3035.3,4574.0,2495.0,
group_epd_source,5,0.28,1401.0,3077.3999999999996,4574.0,2495.0,
group_epd_source,5,0.3,1477.0,3118.5,4574.0,2495.0,
group_epd_source,5,0.32,1564.0,3160.6,4574.0,2495.0,
group_epd_source,5,0.34,1645.0,3201.7,4574.0,2495.0,
group_epd_source,5,0.36,1732.0,3243.8,4574.0,2495.0,
group_epd_source,5,0.38,1793.0,3284.9,4574.0,2495.0,
group_epd_source,5,0.4,1880.0,3327.0,4574.0,2495.0,
group_epd_source,5,0.42,1966.0,3368.1000000000004,4574.0,2495.0,
group_epd_source,5,0.44,2053.0,3410.2000000000003,4574.0,2495.0,
group_epd_source,5,0.46,2134.0,3451.3,4574.0,2495.0,
group_epd_source,5,0.48,2216.0,3493.4,4574.0,2495.0,
group_epd_source,5,0.5,2302.0,3534.5,4574.0,2495.0,
group_epd_source,5,0.52,2393.0,3575.6,4574.0,2495.0,
group_epd_source,5,0.54,2480.0,3617.7,4574.0,2495.0,
group_epd_source,5,0.56,2566.0,3658.8,4574.0,2495.0,
group_epd_source,5,0.58,2658.0,3700.9,4574.0,2495.0,
group_epd_source,5,0.6,2749.0,3742.0,4574.0,2495.0,
group_epd_source,5,0.62,2841.0,3784.1,4574.0,2495.0,
group_epd_source,5,0.64,2932.0,3825.2,4574.0,2495.0,
group_epd_source,5,0.66,3024.0,3867.3,4574.0,2495.0,
group_epd_source,5,0.68,3115.0,3908.3999999999996,4574.0,2495.0,
group_epd_source,5,0.7,3207.0,3950.5,4574.0,2495.0,
group_epd_source,5,0.72,3298.0,3991.6000000000004,4574.0,2495.0,
group_epd_source,5,0.74,3390.0,4033.7,4574.0,2495.0,
group_epd_source,5,0.76,3481.0,4074.8,4574.0,2495.0,
group_epd_source,5,0.78,3573.0,4116.9,4574.0,2495.0,
group_epd_source,5,0.8,3664.0,4158.0,4574.0,2495.0,
group_epd_source,5,0.82,3756.0,4200.1,4574.0,2495.0,
group_epd_source,5,0.84,3847.0,4241.2,4574.0,2495.0,
group_epd_source,5,0.86,3939.0,4283.3,4574.0,2495.0,
group_epd_source,5,0.88,4025.0,4324.4,4574.0,2495.0,
group_epd_source,5,0.9,4117.0,4366.5,4574.0,2495.0,
group_epd_source,5,0.92,4208.0,4407.6,4574.0,2495.0,
group_epd_source,5,0.94,4300.0,4449.7,4574.0,2495.0,
group_epd_source,5,0.96,4391.0,4490.8,4574.0,2495.0,
group_epd_source,5,0.98,4483.0,4532.9,4574.0,2495.0,
group_epd_source,5,1.0,4574.0,4574.0,4574.0,2495.0,
group_epd_source,5,0.12,1109.0,2744.6,4574.0,2495.0,True
group_epd_source,10,0.02,4191.0,4981.2,4574.0,4990.0,
group_epd_source,10,0.04,3393.0,4973.4,4574.0,4990.0,
group_epd_source,10,0.06,2844.0,4964.599999999999,4574.0,4990.0,
group_epd_source,10,0.08,2366.0,4956.8,4574.0,4990.0,
group_epd_source,10,0.1,1957.0,4948.0,4574.0,4990.0,
group_epd_source,10,0.12,1669.0,4940.2,4574.0,4990.0,
group_epd_source,10,0.14,1660.0,4931.4,4574.0,4990.0,
group_epd_source,10,0.16,1552.0,4923.599999999999,4574.0,4990.0,
group_epd_source,10,0.18,1473.0,4914.8,4574.0,4990.0,
group_epd_source,10,0.2,1445.0,4907.0,4574.0,4990.0,
group_epd_source,10,0.22,1446.0,4898.200000000001,4574.0,4990.0,
group_epd_source,10,0.24,1468.0,4890.4,4574.0,4990.0,
group_epd_source,10,0.26,1489.0,4881.6,4574.0,4990.0,
group_epd_source,10,0.28,1521.0,4873.799999999999,4574.0,4990.0,
group_epd_source,10,0.3,1582.0,4865.0,4574.0,4990.0,
group_epd_source,10,0.32,1664.0,4857.2,4574.0,4990.0,
group_epd_source,10,0.34,1735.0,4848.4,4574.0,4990.0,
group_epd_source,10,0.36,1817.0,4840.6,4574.0,4990.0,
group_epd_source,10,0.38,1848.0,4831.8,4574.0,4990.0,
group_epd_source,10,0.4,1930.0,4824.0,4574.0,4990.0,
group_epd_source,10,0.42,2011.0,4815.200000000001,4574.0,4990.0,
group_epd_source,10,0.44,2093.0,4807.400000000001,4574.0,4990.0,
group_epd_source,10,0.46,2164.0,4798.6,4574.0,4990.0,
group_epd_source,10,0.48,2236.0,4790.8,4574.0,4990.0,
group_epd_source,10,0.5,2317.0,4782.0,4574.0,4990.0,
group_epd_source,10,0.52,2408.0,4773.2,4574.0,4990.0,
group_epd_source,10,0.54,2490.0,4765.4,4574.0,4990.0,
group_epd_source,10,0.56,2571.0,4756.6,4574.0,4990.0,
group_epd_source,10,0.58,2663.0,4748.8,4574.0,4990.0,
group_epd_source,10,0.6,2754.0,4740.0,4574.0,4990.0,
group_epd_source,10,0.62,2846.0,4732.2,4574.0,4990.0,
group_epd_source,10,0.64,2937.0,4723.4,4574.0,4990.0,
group_epd_source,10,0.66,3029.0,4715.6,4574.0,4990.0,
group_epd_source,10,0.68,3120.0,4706.799999999999,4574.0,4990.0,
group_epd_source,10,0.7,3212.0,4699.0,4574.0,4990.0,
group_epd_source,10,0.72,3303.0,4690.200000000001,4574.0,4990.0,
group_epd_source,10,0.74,3395.0,4682.4,4574.0,4990.0,
group_epd_source,10,0.76,3486.0,4673.6,4574.0,4990.0,
group_epd_source,10,0.78,3578.0,4665.8,4574.0,4990.0,
group_epd_source,10,0.8,3669.0,4657.0,4574.0,4990.0,
group_epd_source,10,0.82,3761.0,4649.200000000001,4574.0,4990.0,
group_epd_source,10,0.84,3852.0,4640.400000000001,4574.0,4990.0,
group_epd_source,10,0.86,3944.0,4632.6,4574.0,4990.0,
group_epd_source,10,0.88,4025.0,4623.8,4574.0,4990.0,
group_epd_source,10,0.9,4117.0,4616.0,4574.0,4990.0,
group_epd_source,10,0.92,4208.0,4607.2,4574.0,4990.0,
group_epd_source,10,0.94,4300.0,4599.400000000001,4574.0,4990.0,
group_epd_source,10,0.96,4391.0,4590.6,4574.0,4990.0,
group_epd_source,10,0.98,4483.0,4582.8,4574.0,4990.0,
group_epd_source,10,1.0,4574.0,4574.0,4574.0,4990.0,
group_epd_source,10,0.2,1445.0,4907.0,4574.0,4990.0,True
group_epd_source,20,0.02,8291.0,9871.4,4574.0,9980.0,
group_epd_source,20,0.04,6603.0,9763.8,4574.0,9980.0,
group_epd_source,20,0.06,5414.0,9655.199999999999,4574.0,9980.0,
group_epd_source,20,0.08,4366.0,9547.6,4574.0,9980.0,
group_epd_source,20,0.1,3457.0,9439.0,4574.0,9980.0,
group_epd_source,20,0.12,2789.0,9331.4,4574.0,9980.0,
group_epd_source,20,0.14,2680.0,9222.8,4574.0,9980.0,
group_epd_source,20,0.16,2372.0,9115.199999999999,4574.0,9980.0,
group_epd_source,20,0.18,2123.0,9006.6,4574.0,9980.0,
group_epd_source,20,0.2,1975.0,8899.0,4574.0,9980.0,
group_epd_source,20,0.22,1886.0,8790.400000000001,4574.0,9980.0,
group_epd_source,20,0.24,1838.0,8682.8,4574.0,9980.0,
group_epd_source,20,0.26,1789.0,8574.2,4574.0,9980.0,
group_epd_source,20,0.28,1761.0,8466.599999999999,4574.0,9980.0,
group_epd_source,20,0.3,1792.0,8358.0,4574.0,9980.0,
group_epd_source,20,0.32,1864.0,8250.4,4574.0,9980.0,
group_epd_source,20,0.34,1915.0,8141.799999999999,4574.0,9980.0,
group_epd_source,20,0.36,1987.0,8034.200000000001,4574.0,9980.0,
group_epd_source,20,0.38,1958.0,7925.6,4574.0,9980.0,
group_epd_source,20,0.4,2030.0,7818.0,4574.0,9980.0,
group_epd_source,20,0.42,2101.0,7709.400000000001,4574.0,9980.0,
group_epd_source,20,0.44,2173.0,7601.800000000001,4574.0,9980.0,
group_epd_source,20,0.46,2224.0,7493.200000000001,4574.0,9980.0,
group_epd_source,20,0.48,2276.0,7385.6,4574.0,9980.0,
group_epd_source,20,0.5,2347.0,7277.0,4574.0,9980.0,
group_epd_source,20,0.52,2438.0,7168.4,4574.0,9980.0,
group_epd_source,20,0.54,2510.0,7060.8,4574.0,9980.0,
group_epd_source,20,0.56,2581.0,6952.2,4574.0,9980.0,
group_epd_source,20,0.58,2673.0,6844.6,4574.0,9980.0,
group_epd_source,20,0.6,2764.0,6736.0,4574.0,9980.0,
group_epd_source,20,0.62,2856.0,6628.4,4574.0,9980.0,
group_epd_source,20,0.64,2947.0,6519.799999999999,4574.0,9980.0,
group_epd_source,20,0.66,3039.0,6412.2,4574.0,9980.0,
group_epd_source,20,0.68,3130.0,6303.599999999999,4574.0,9980.0,
group_epd_source,20,0.7,3222.0,6196.0,4574.0,9980.0,
group_epd_source,20,0.72,3313.0,6087.400000000001,4574.0,9980.0,
group_epd_source,20,0.74,3405.0,5979.8,4574.0,9980.0,
group_epd_source,20,0.76,3496.0,5871.2,4574.0,9980.0,
group_epd_source,20,0.78,3588.0,5763.6,4574.0,9980.0,
group_epd_source,20,0.8,3679.0,5655.0,4574.0,9980.0,
group_epd_source,20,0.82,3771.0,5547.400000000001,4574.0,9980.0,
group_epd_source,20,0.84,3862.0,5438.8,4574.0,9980.0,
group_epd_source,20,0.86,3954.0,5331.200000000001,4574.0,9980.0,
group_epd_source,20,0.88,4025.0,5222.6,4574.0,9980.0,
group_epd_source,20,0.9,4117.0,5115.0,4574.0,9980.0,
group_epd_source,20,0.92,4208.0,5006.4,4574.0,9980.0,
group_epd_source,20,0.94,4300.0,4898.8,4574.0,9980.0,
group_epd_source,20,0.96,4391.0,4790.200000000001,4574.0,9980.0,
group_epd_source,20,0.98,4483.0,4682.6,4574.0,9980.0,
group_epd_source,20,1.0,4574.0,4574.0,4574.0,9980.0,
group_epd_source,20,0.28,1761.0,8466.599999999999,4574.0,9980.0,True
group_epd_source,50,0.02,20591.0,24542.0,4574.0,24950.0,
group_epd_source,50,0.04,16233.0,24135.0,4574.0,24950.0,
group_epd_source,50,0.06,13124.0,23726.999999999996,4574.0,24950.0,
group_epd_source,50,0.08,10366.0,23320.000000000004,4574.0,24950.0,
group_epd_source,50,0.1,7957.0,22912.0,4574.0,24950.0,
group_epd_source,50,0.12,6149.0,22505.0,4574.0,24950.0,
group_epd_source,50,0.14,5740.0,22097.0,4574.0,24950.0,
group_epd_source,50,0.16,4832.0,21690.0,4574.0,24950.0,
group_epd_source,50,0.18,4073.0,21282.0,4574.0,24950.0,
group_epd_source,50,0.2,3565.0,20875.000000000004,4574.0,24950.0,
group_epd_source,50,0.22,3206.0,20467.0,4574.0,24950.0,
group_epd_source,50,0.24,2948.0,20060.0,4574.0,24950.0,
group_epd_source,50,0.26,2689.0,19652.0,4574.0,24950.0,
group_epd_source,50,0.28,2481.0,19245.0,4574.0,24950.0,
group_epd_source,50,0.3,2422.0,18836.999999999996,4574.0,24950.0,
group_epd_source,50,0.32,2464.0,18430.0,4574.0,24950.0,
group_epd_source,50,0.34,2455.0,18022.0,4574.0,24950.0,
group_epd_source,50,0.36,2497.0,17615.0,4574.0,24950.0,
group_epd_source,50,0.38,2288.0,17207.0,4574.0,24950.0,
group_epd_source,50,0.4,2330.0,16800.0,4574.0,24950.0,
group_epd_source,50,0.42,2371.0,16392.0,4574.0,24950.0,
group_epd_source,50,0.44,2413.0,15985.000000000004,4574.0,24950.0,
group_epd_source,50,0.46,2404.0,15577.000000000002,4574.0,24950.0,
group_epd_source,50,0.48,2396.0,15170.0,4574.0,24950.0,
group_epd_source,50,0.5,2437.0,14762.0,4574.0,24950.0,
group_epd_source,50,0.52,2528.0,14354.0,4574.0,24950.0,
group_epd_source,50,0.54,2570.0,13947.0,4574.0,24950.0,
group_epd_source,50,0.56,2611.0,13538.999999999998,4574.0,24950.0,
group_epd_source,50,0.58,2703.0,13132.0,4574.0,24950.0,
group_epd_source,50,0.6,2794.0,12724.000000000002,4574.0,24950.0,
group_epd_source,50,0.62,2886.0,12317.0,4574.0,24950.0,
group_epd_source,50,0.64,2977.0,11909.0,4574.0,24950.0,
group_epd_source,50,0.66,3069.0,11502.0,4574.0,24950.0,
group_epd_source,50,0.68,3160.0,11094.0,4574.0,24950.0,
group_epd_source,50,0.7,3252.0,10687.0,4574.0,24950.0,
group_epd_source,50,0.72,3343.0,10279.000000000002,4574.0,24950.0,
group_epd_source,50,0.74,3435.0,9872.0,4574.0,24950.0,
group_epd_source,50,0.76,3526.0,9464.0,4574.0,24950.0,
group_epd_source,50,0.78,3618.0,9057.0,4574.0,24950.0,
group_epd_source,50,0.8,3709.0,8649.0,4574.0,24950.0,
group_epd_source,50,0.82,3801.0,8242.0,4574.0,24950.0,
group_epd_source,50,0.84,3892.0,7834.000000000001,4574.0,24950.0,
group_epd_source,50,0.86,3984.0,7427.000000000001,4574.0,24950.0,
group_epd_source,50,0.88,4025.0,7019.0,4574.0,24950.0,
group_epd_source,50,0.9,4117.0,6612.0,4574.0,24950.0,
group_epd_source,50,0.92,4208.0,6203.999999999999,4574.0,24950.0,
group_epd_source,50,0.94,4300.0,5797.000000000002,4574.0,24950.0,
group_epd_source,50,0.96,4391.0,5389.000000000001,4574.0,24950.0,
group_epd_source,50,0.98,4483.0,4982.0,4574.0,24950.0,
group_epd_source,50,1.0,4574.0,4574.0,4574.0,24950.0,
group_epd_source,50,0.38,2288.0,17207.0,4574.0,24950.0,True
group_epd_source,100,0.02,41091.0,48993.0,4574.0,49900.0,
group_epd_source,100,0.04,32283.0,48087.0,4574.0,49900.0,
group_epd_source,100,0.06,25974.0,47179.99999999999,4574.0,49900.0,
group_epd_source,100,0.08,20366.0,46274.00000000001,4574.0,49900.0,
group_epd_source,100,0.1,15457.0,45367.0,4574.0,49900.0,
group_epd_source,100,0.12,11749.0,44461.0,4574.0,49900.0,
group_epd_source,100,0.14,10840.0,43554.0,4574.0,49900.0,
group_epd_source,100,0.16,8932.0,42648.0,4574.0,49900.0,
group_epd_source,100,0.18,7323.0,41741.0,4574.0,49900.0,
group_epd_source,100,0.2,6215.0,40835.00000000001,4574.0,49900.0,
group_epd_source,100,0.22,5406.0,39928.0,4574.0,49900.0,
group_epd_source,100,0.24,4798.0,39022.0,4574.0,49900.0,
group_epd_source,100,0.26,4189.0,38115.0,4574.0,49900.0,
group_epd_source,100,0.28,3681.0,37209.0,4574.0,49900.0,
group_epd_source,100,0.3,3472.0,36301.99999999999,4574.0,49900.0,
group_epd_source,100,0.32,3464.0,35396.0,4574.0,49900.0,
group_epd_source,100,0.34,3355.0,34489.0,4574.0,49900.0,
group_epd_source,100,0.36,3347.0,33583.0,4574.0,49900.0,
group_epd_source,100,0.38,2838.0,32676.0,4574.0,49900.0,
group_epd_source,100,0.4,2830.0,31769.999999999996,4574.0,49900.0,
group_epd_source,100,0.42,2821.0,30863.0,4574.0,49900.0,
group_epd_source,100,0.44,2813.0,29957.000000000007,4574.0,49900.0,
group_epd_source,100,0.46,2704.0,29050.000000000004,4574.0,49900.0,
group_epd_source,100,0.48,2596.0,28144.0,4574.0,49900.0,
group_epd_source,100,0.5,2587.0,27237.0,4574.0,49900.0,
group_epd_source,100,0.52,2678.0,26330.0,4574.0,49900.0,
group_epd_source,100,0.54,2670.0,25424.0,4574.0,49900.0,
group_epd_source,100,0.56,2661.0,24516.999999999996,4574.0,49900.0,
group_epd_source,100,0.58,2753.0,23611.0,4574.0,49900.0,
group_epd_source,100,0.6,2844.0,22704.000000000004,4574.0,49900.0,
group_epd_source,100,0.62,2936.0,21798.0,4574.0,49900.0,
group_epd_source,100,0.64,3027.0,20891.0,4574.0,49900.0,
group_epd_source,100,0.66,3119.0,19985.0,4574.0,49900.0,
group_epd_source,100,0.68,3210.0,19078.0,4574.0,49900.0,
group_epd_source,100,0.7,3302.0,18172.0,4574.0,49900.0,
group_epd_source,100,0.72,3393.0,17265.000000000004,4574.0,49900.0,
group_epd_source,100,0.74,3485.0,16359.0,4574.0,49900.0,
group_epd_source,100,0.76,3576.0,15452.0,4574.0,49900.0,
group_epd_source,100,0.78,3668.0,14545.999999999998,4574.0,49900.0,
group_epd_source,100,0.8,3759.0,13638.999999999998,4574.0,49900.0,
group_epd_source,100,0.82,3851.0,12733.000000000002,4574.0,49900.0,
group_epd_source,100,0.84,3942.0,11826.000000000002,4574.0,49900.0,
group_epd_source,100,0.86,4034.0,10920.000000000002,4574.0,49900.0,
group_epd_source,100,0.88,4025.0,10013.0,4574.0,49900.0,
group_epd_source,100,0.9,4117.0,9107.0,4574.0,49900.0,
group_epd_source,100,0.92,4208.0,8199.999999999998,4574.0,49900.0,
group_epd_source,100,0.94,4300.0,7294.000000000003,4574.0,49900.0,
group_epd_source,100,0.96,4391.0,6387.000000000002,4574.0,49900.0,
group_epd_source,100,0.98,4483.0,5481.000000000001,4574.0,49900.0,
group_epd_source,100,1.0,4574.0,4574.0,4574.0,49900.0,
group_epd_source,100,0.5,2587.0,27237.0,4574.0,49900.0,True
temporal_latest20,2,0.02,1445.0,1784.52,9629.0,1624.0,
temporal_latest20,2,0.04,1297.0,1944.04,9629.0,1624.0,
temporal_latest20,2,0.06,1238.0,2104.56,9629.0,1624.0,
temporal_latest20,2,0.08,1242.0,2264.08,9629.0,1624.0,
temporal_latest20,2,0.1,1311.0,2424.6000000000004,9629.0,1624.0,
temporal_latest20,2,0.12,1411.0,2584.12,9629.0,1624.0,
temporal_latest20,2,0.14,1550.0,2744.64,9629.0,1624.0,
temporal_latest20,2,0.16,1707.0,2905.16,9629.0,1624.0,
temporal_latest20,2,0.18,1867.0,3064.6800000000003,9629.0,1624.0,
temporal_latest20,2,0.2,2022.0,3225.2,9629.0,1624.0,
temporal_latest20,2,0.22,2200.0,3384.7200000000003,9629.0,1624.0,
temporal_latest20,2,0.24,2375.0,3545.24,9629.0,1624.0,
temporal_latest20,2,0.26,2564.0,3705.76,9629.0,1624.0,
temporal_latest20,2,0.28,2754.0,3865.2799999999997,9629.0,1624.0,
temporal_latest20,2,0.3,2941.0,4025.8,9629.0,1624.0,
temporal_latest20,2,0.32,3129.0,4185.32,9629.0,1624.0,
temporal_latest20,2,0.34,3320.0,4345.84,9629.0,1624.0,
temporal_latest20,2,0.36,3502.0,4505.360000000001,9629.0,1624.0,
temporal_latest20,2,0.38,3691.0,4665.88,9629.0,1624.0,
temporal_latest20,2,0.4,3878.0,4826.4,9629.0,1624.0,
temporal_latest20,2,0.42,4068.0,4985.92,9629.0,1624.0,
temporal_latest20,2,0.44,4257.0,5146.4400000000005,9629.0,1624.0,
temporal_latest20,2,0.46,4445.0,5305.96,9629.0,1624.0,
temporal_latest20,2,0.48,4632.0,5466.48,9629.0,1624.0,
temporal_latest20,2,0.5,4822.0,5626.0,9629.0,1624.0,
temporal_latest20,2,0.52,5015.0,5786.52,9629.0,1624.0,
temporal_latest20,2,0.54,5208.0,5947.04,9629.0,1624.0,
temporal_latest20,2,0.56,5400.0,6106.5599999999995,9629.0,1624.0,
temporal_latest20,2,0.58,5591.0,6267.08,9629.0,1624.0,
temporal_latest20,2,0.6,5783.0,6426.6,9629.0,1624.0,
temporal_latest20,2,0.62,5976.0,6587.12,9629.0,1624.0,
temporal_latest20,2,0.64,6169.0,6747.64,9629.0,1624.0,
temporal_latest20,2,0.66,6361.0,6907.16,9629.0,1624.0,
temporal_latest20,2,0.68,6554.0,7067.68,9629.0,1624.0,
temporal_latest20,2,0.7,6744.0,7227.2,9629.0,1624.0,
temporal_latest20,2,0.72,6937.0,7387.72,9629.0,1624.0,
temporal_latest20,2,0.74,7129.0,7547.24,9629.0,1624.0,
temporal_latest20,2,0.76,7322.0,7707.76,9629.0,1624.0,
temporal_latest20,2,0.78,7513.0,7868.28,9629.0,1624.0,
temporal_latest20,2,0.8,7705.0,8027.8,9629.0,1624.0,
temporal_latest20,2,0.82,7898.0,8188.32,9629.0,1624.0,
temporal_latest20,2,0.84,8090.0,8347.84,9629.0,1624.0,
temporal_latest20,2,0.86,8283.0,8508.36,9629.0,1624.0,
temporal_latest20,2,0.88,8474.0,8668.88,9629.0,1624.0,
temporal_latest20,2,0.9,8666.0,8828.4,9629.0,1624.0,
temporal_latest20,2,0.92,8859.0,8988.92,9629.0,1624.0,
temporal_latest20,2,0.94,9051.0,9148.44,9629.0,1624.0,
temporal_latest20,2,0.96,9244.0,9308.960000000001,9629.0,1624.0,
temporal_latest20,2,0.98,9436.0,9468.48,9629.0,1624.0,
temporal_latest20,2,1.0,9629.0,9629.0,9629.0,1624.0,
temporal_latest20,2,0.06,1238.0,2104.56,9629.0,1624.0,True
temporal_latest20,5,0.02,3323.0,4171.8,9629.0,4060.0,
temporal_latest20,5,0.04,2665.0,4282.6,9629.0,4060.0,
temporal_latest20,5,0.06,2228.0,4394.4,9629.0,4060.0,
temporal_latest20,5,0.08,1950.0,4505.200000000001,9629.0,4060.0,
temporal_latest20,5,0.1,1833.0,4617.0,9629.0,4060.0,
temporal_latest20,5,0.12,1795.0,4727.8,9629.0,4060.0,
temporal_latest20,5,0.14,1853.0,4839.599999999999,9629.0,4060.0,
temporal_latest20,5,0.16,1956.0,4951.4,9629.0,4060.0,
temporal_latest20,5,0.18,2068.0,5062.200000000001,9629.0,4060.0,
temporal_latest20,5,0.2,2166.0,5174.0,9629.0,4060.0,
temporal_latest20,5,0.22,2323.0,5284.8,9629.0,4060.0,
temporal_latest20,5,0.24,2471.0,5396.6,9629.0,4060.0,
temporal_latest20,5,0.26,2654.0,5508.4,9629.0,4060.0,
temporal_latest20,5,0.28,2841.0,5619.2,9629.0,4060.0,
temporal_latest20,5,0.3,3019.0,5731.0,9629.0,4060.0,
temporal_latest20,5,0.32,3201.0,5841.799999999999,9629.0,4060.0,
temporal_latest20,5,0.34,3389.0,5953.6,9629.0,4060.0,
temporal_latest20,5,0.36,3556.0,6064.400000000001,9629.0,4060.0,
temporal_latest20,5,0.38,3739.0,6176.2,9629.0,4060.0,
temporal_latest20,5,0.4,3917.0,6288.0,9629.0,4060.0,
temporal_latest20,5,0.42,4104.0,6398.8,9629.0,4060.0,
temporal_latest20,5,0.44,4287.0,6510.6,9629.0,4060.0,
temporal_latest20,5,0.46,4469.0,6621.4,9629.0,4060.0,
temporal_latest20,5,0.48,4647.0,6733.2,9629.0,4060.0,
temporal_latest20,5,0.5,4834.0,6844.0,9629.0,4060.0,
temporal_latest20,5,0.52,5027.0,6955.8,9629.0,4060.0,
temporal_latest20,5,0.54,5220.0,7067.6,9629.0,4060.0,
temporal_latest20,5,0.56,5412.0,7178.4,9629.0,4060.0,
temporal_latest20,5,0.58,5600.0,7290.2,9629.0,4060.0,
temporal_latest20,5,0.6,5792.0,7401.0,9629.0,4060.0,
temporal_latest20,5,0.62,5985.0,7512.8,9629.0,4060.0,
temporal_latest20,5,0.64,6178.0,7624.6,9629.0,4060.0,
temporal_latest20,5,0.66,6370.0,7735.4,9629.0,4060.0,
temporal_latest20,5,0.68,6563.0,7847.2,9629.0,4060.0,
temporal_latest20,5,0.7,6750.0,7958.0,9629.0,4060.0,
temporal_latest20,5,0.72,6943.0,8069.8,9629.0,4060.0,
temporal_latest20,5,0.74,7135.0,8180.6,9629.0,4060.0,
temporal_latest20,5,0.76,7328.0,8292.4,9629.0,4060.0,
temporal_latest20,5,0.78,7516.0,8404.2,9629.0,4060.0,
temporal_latest20,5,0.8,7708.0,8515.0,9629.0,4060.0,
temporal_latest20,5,0.82,7901.0,8626.800000000001,9629.0,4060.0,
temporal_latest20,5,0.84,8093.0,8737.6,9629.0,4060.0,
temporal_latest20,5,0.86,8286.0,8849.4,9629.0,4060.0,
temporal_latest20,5,0.88,8474.0,8961.2,9629.0,4060.0,
temporal_latest20,5,0.9,8666.0,9072.0,9629.0,4060.0,
temporal_latest20,5,0.92,8859.0,9183.8,9629.0,4060.0,
temporal_latest20,5,0.94,9051.0,9294.6,9629.0,4060.0,
temporal_latest20,5,0.96,9244.0,9406.4,9629.0,4060.0,
temporal_latest20,5,0.98,9436.0,9517.2,9629.0,4060.0,
temporal_latest20,5,1.0,9629.0,9629.0,9629.0,4060.0,
temporal_latest20,5,0.12,1795.0,4727.8,9629.0,4060.0,True
temporal_latest20,10,0.02,6453.0,8150.6,9629.0,8120.0,
temporal_latest20,10,0.04,4945.0,8180.2,9629.0,8120.0,
temporal_latest20,10,0.06,3878.0,8210.8,9629.0,8120.0,
temporal_latest20,10,0.08,3130.0,8240.400000000001,9629.0,8120.0,
temporal_latest20,10,0.1,2703.0,8271.0,9629.0,8120.0,
temporal_latest20,10,0.12,2435.0,8300.6,9629.0,8120.0,
temporal_latest20,10,0.14,2358.0,8331.199999999999,9629.0,8120.0,
temporal_latest20,10,0.16,2371.0,8361.8,9629.0,8120.0,
temporal_latest20,10,0.18,2403.0,8391.400000000001,9629.0,8120.0,
temporal_latest20,10,0.2,2406.0,8422.0,9629.0,8120.0,
temporal_latest20,10,0.22,2528.0,8451.6,9629.0,8120.0,
temporal_latest20,10,0.24,2631.0,8482.2,9629.0,8120.0,
temporal_latest20,10,0.26,2804.0,8512.8,9629.0,8120.0,
temporal_latest20,10,0.28,2986.0,8542.4,9629.0,8120.0,
temporal_latest20,10,0.3,3149.0,8573.0,9629.0,8120.0,
temporal_latest20,10,0.32,3321.0,8602.599999999999,9629.0,8120.0,
temporal_latest20,10,0.34,3504.0,8633.2,9629.0,8120.0,
temporal_latest20,10,0.36,3646.0,8662.800000000001,9629.0,8120.0,
temporal_latest20,10,0.38,3819.0,8693.4,9629.0,8120.0,
temporal_latest20,10,0.4,3982.0,8724.0,9629.0,8120.0,
temporal_latest20,10,0.42,4164.0,8753.6,9629.0,8120.0,
temporal_latest20,10,0.44,4337.0,8784.2,9629.0,8120.0,
temporal_latest20,10,0.46,4509.0,8813.8,9629.0,8120.0,
temporal_latest20,10,0.48,4672.0,8844.4,9629.0,8120.0,
temporal_latest20,10,0.5,4854.0,8874.0,9629.0,8120.0,
temporal_latest20,10,0.52,5047.0,8904.6,9629.0,8120.0,
temporal_latest20,10,0.54,5240.0,8935.2,9629.0,8120.0,
temporal_latest20,10,0.56,5432.0,8964.8,9629.0,8120.0,
temporal_latest20,10,0.58,5615.0,8995.4,9629.0,8120.0,
temporal_latest20,10,0.6,5807.0,9025.0,9629.0,8120.0,
temporal_latest20,10,0.62,6000.0,9055.6,9629.0,8120.0,
temporal_latest20,10,0.64,6193.0,9086.2,9629.0,8120.0,
temporal_latest20,10,0.66,6385.0,9115.8,9629.0,8120.0,
temporal_latest20,10,0.68,6578.0,9146.4,9629.0,8120.0,
temporal_latest20,10,0.7,6760.0,9176.0,9629.0,8120.0,
temporal_latest20,10,0.72,6953.0,9206.6,9629.0,8120.0,
temporal_latest20,10,0.74,7145.0,9236.2,9629.0,8120.0,
temporal_latest20,10,0.76,7338.0,9266.8,9629.0,8120.0,
temporal_latest20,10,0.78,7521.0,9297.4,9629.0,8120.0,
temporal_latest20,10,0.8,7713.0,9327.0,9629.0,8120.0,
temporal_latest20,10,0.82,7906.0,9357.6,9629.0,8120.0,
temporal_latest20,10,0.84,8098.0,9387.2,9629.0,8120.0,
temporal_latest20,10,0.86,8291.0,9417.8,9629.0,8120.0,
temporal_latest20,10,0.88,8474.0,9448.4,9629.0,8120.0,
temporal_latest20,10,0.9,8666.0,9478.0,9629.0,8120.0,
temporal_latest20,10,0.92,8859.0,9508.6,9629.0,8120.0,
temporal_latest20,10,0.94,9051.0,9538.2,9629.0,8120.0,
temporal_latest20,10,0.96,9244.0,9568.800000000001,9629.0,8120.0,
temporal_latest20,10,0.98,9436.0,9598.4,9629.0,8120.0,
temporal_latest20,10,1.0,9629.0,9629.0,9629.0,8120.0,
temporal_latest20,10,0.14,2358.0,8331.199999999999,9629.0,8120.0,True
temporal_latest20,20,0.02,12713.0,16108.2,9629.0,16240.0,
temporal_latest20,20,0.04,9505.0,15975.4,9629.0,16240.0,
temporal_latest20,20,0.06,7178.0,15843.599999999999,9629.0,16240.0,
temporal_latest20,20,0.08,5490.0,15710.800000000001,9629.0,16240.0,
temporal_latest20,20,0.1,4443.0,15579.000000000002,9629.0,16240.0,
temporal_latest20,20,0.12,3715.0,15446.2,9629.0,16240.0,
temporal_latest20,20,0.14,3368.0,15314.399999999998,9629.0,16240.0,
temporal_latest20,20,0.16,3201.0,15182.599999999999,9629.0,16240.0,
temporal_latest20,20,0.18,3073.0,15049.800000000001,9629.0,16240.0,
temporal_latest20,20,0.2,2886.0,14918.0,9629.0,16240.0,
temporal_latest20,20,0.22,2938.0,14785.2,9629.0,16240.0,
temporal_latest20,20,0.24,2951.0,14653.4,9629.0,16240.0,
temporal_latest20,20,0.26,3104.0,14521.6,9629.0,16240.0,
temporal_latest20,20,0.28,3276.0,14388.8,9629.0,16240.0,
temporal_latest20,20,0.3,3409.0,14257.0,9629.0,16240.0,
temporal_latest20,20,0.32,3561.0,14124.199999999999,9629.0,16240.0,
temporal_latest20,20,0.34,3734.0,13992.4,9629.0,16240.0,
temporal_latest20,20,0.36,3826.0,13859.600000000002,9629.0,16240.0,
temporal_latest20,20,0.38,3979.0,13727.8,9629.0,16240.0,
temporal_latest20,20,0.4,4112.0,13596.0,9629.0,16240.0,
temporal_latest20,20,0.42,4284.0,13463.2,9629.0,16240.0,
temporal_latest20,20,0.44,4437.0,13331.400000000001,9629.0,16240.0,
temporal_latest20,20,0.46,4589.0,13198.6,9629.0,16240.0,
temporal_latest20,20,0.48,4722.0,13066.8,9629.0,16240.0,
temporal_latest20,20,0.5,4894.0,12934.0,9629.0,16240.0,
temporal_latest20,20,0.52,5087.0,12802.2,9629.0,16240.0,
temporal_latest20,20,0.54,5280.0,12670.4,9629.0,16240.0,
temporal_latest20,20,0.56,5472.0,12537.599999999999,9629.0,16240.0,
temporal_latest20,20,0.58,5645.0,12405.8,9629.0,16240.0,
temporal_latest20,20,0.6,5837.0,12273.0,9629.0,16240.0,
temporal_latest20,20,0.62,6030.0,12141.2,9629.0,16240.0,
temporal_latest20,20,0.64,6223.0,12009.4,9629.0,16240.0,
temporal_latest20,20,0.66,6415.0,11876.599999999999,9629.0,16240.0,
temporal_latest20,20,0.68,6608.0,11744.8,9629.0,16240.0,
temporal_latest20,20,0.7,6780.0,11612.0,9629.0,16240.0,
temporal_latest20,20,0.72,6973.0,11480.2,9629.0,16240.0,
temporal_latest20,20,0.74,7165.0,11347.4,9629.0,16240.0,
temporal_latest20,20,0.76,7358.0,11215.6,9629.0,16240.0,
temporal_latest20,20,0.78,7531.0,11083.8,9629.0,16240.0,
temporal_latest20,20,0.8,7723.0,10951.0,9629.0,16240.0,
temporal_latest20,20,0.82,7916.0,10819.2,9629.0,16240.0,
temporal_latest20,20,0.84,8108.0,10686.400000000001,9629.0,16240.0,
temporal_latest20,20,0.86,8301.0,10554.6,9629.0,16240.0,
temporal_latest20,20,0.88,8474.0,10422.8,9629.0,16240.0,
temporal_latest20,20,0.9,8666.0,10290.0,9629.0,16240.0,
temporal_latest20,20,0.92,8859.0,10158.199999999999,9629.0,16240.0,
temporal_latest20,20,0.94,9051.0,10025.400000000001,9629.0,16240.0,
temporal_latest20,20,0.96,9244.0,9893.6,9629.0,16240.0,
temporal_latest20,20,0.98,9436.0,9760.800000000001,9629.0,16240.0,
temporal_latest20,20,1.0,9629.0,9629.0,9629.0,16240.0,
temporal_latest20,20,0.2,2886.0,14918.0,9629.0,16240.0,True
temporal_latest20,50,0.02,31493.0,39981.0,9629.0,40600.0,
temporal_latest20,50,0.04,23185.0,39361.0,9629.0,40600.0,
temporal_latest20,50,0.06,17078.0,38742.0,9629.0,40600.0,
temporal_latest20,50,0.08,12570.0,38122.00000000001,9629.0,40600.0,
temporal_latest20,50,0.1,9663.0,37503.0,9629.0,40600.0,
temporal_latest20,50,0.12,7555.0,36883.0,9629.0,40600.0,
temporal_latest20,50,0.14,6398.0,36264.0,9629.0,40600.0,
temporal_latest20,50,0.16,5691.0,35645.0,9629.0,40600.0,
temporal_latest20,50,0.18,5083.0,35025.0,9629.0,40600.0,
temporal_latest20,50,0.2,4326.0,34406.0,9629.0,40600.0,
temporal_latest20,50,0.22,4168.0,33786.0,9629.0,40600.0,
temporal_latest20,50,0.24,3911.0,33167.0,9629.0,40600.0,
temporal_latest20,50,0.26,4004.0,32548.0,9629.0,40600.0,
temporal_latest20,50,0.28,4146.0,31928.0,9629.0,40600.0,
temporal_latest20,50,0.3,4189.0,31309.0,9629.0,40600.0,
temporal_latest20,50,0.32,4281.0,30689.0,9629.0,40600.0,
temporal_latest20,50,0.34,4424.0,30069.999999999996,9629.0,40600.0,
temporal_latest20,50,0.36,4366.0,29450.000000000004,9629.0,40600.0,
temporal_latest20,50,0.38,4459.0,28831.0,9629.0,40600.0,
temporal_latest20,50,0.4,4502.0,28212.0,9629.0,40600.0,
temporal_latest20,50,0.42,4644.0,27592.0,9629.0,40600.0,
temporal_latest20,50,0.44,4737.0,26973.0,9629.0,40600.0,
temporal_latest20,50,0.46,4829.0,26353.0,9629.0,40600.0,
temporal_latest20,50,0.48,4872.0,25734.0,9629.0,40600.0,
temporal_latest20,50,0.5,5014.0,25114.0,9629.0,40600.0,
temporal_latest20,50,0.52,5207.0,24495.0,9629.0,40600.0,
temporal_latest20,50,0.54,5400.0,23876.0,9629.0,40600.0,
temporal_latest20,50,0.56,5592.0,23256.0,9629.0,40600.0,
temporal_latest20,50,0.58,5735.0,22637.0,9629.0,40600.0,
temporal_latest20,50,0.6,5927.0,22017.0,9629.0,40600.0,
temporal_latest20,50,0.62,6120.0,21398.0,9629.0,40600.0,
temporal_latest20,50,0.64,6313.0,20779.0,9629.0,40600.0,
temporal_latest20,50,0.66,6505.0,20159.0,9629.0,40600.0,
temporal_latest20,50,0.68,6698.0,19540.0,9629.0,40600.0,
temporal_latest20,50,0.7,6840.0,18920.0,9629.0,40600.0,
temporal_latest20,50,0.72,7033.0,18301.0,9629.0,40600.0,
temporal_latest20,50,0.74,7225.0,17681.0,9629.0,40600.0,
temporal_latest20,50,0.76,7418.0,17062.0,9629.0,40600.0,
temporal_latest20,50,0.78,7561.0,16443.0,9629.0,40600.0,
temporal_latest20,50,0.8,7753.0,15823.0,9629.0,40600.0,
temporal_latest20,50,0.82,7946.0,15204.000000000004,9629.0,40600.0,
temporal_latest20,50,0.84,8138.0,14584.0,9629.0,40600.0,
temporal_latest20,50,0.86,8331.0,13965.0,9629.0,40600.0,
temporal_latest20,50,0.88,8474.0,13346.0,9629.0,40600.0,
temporal_latest20,50,0.9,8666.0,12726.0,9629.0,40600.0,
temporal_latest20,50,0.92,8859.0,12106.999999999998,9629.0,40600.0,
temporal_latest20,50,0.94,9051.0,11487.000000000002,9629.0,40600.0,
temporal_latest20,50,0.96,9244.0,10868.000000000002,9629.0,40600.0,
temporal_latest20,50,0.98,9436.0,10248.0,9629.0,40600.0,
temporal_latest20,50,1.0,9629.0,9629.0,9629.0,40600.0,
temporal_latest20,50,0.24,3911.0,33167.0,9629.0,40600.0,True
temporal_latest20,100,0.02,62793.0,79769.0,9629.0,81200.0,
temporal_latest20,100,0.04,45985.0,78337.0,9629.0,81200.0,
temporal_latest20,100,0.06,33578.0,76906.0,9629.0,81200.0,
temporal_latest20,100,0.08,24370.0,75474.00000000001,9629.0,81200.0,
temporal_latest20,100,0.1,18363.0,74043.0,9629.0,81200.0,
temporal_latest20,100,0.12,13955.0,72611.0,9629.0,81200.0,
temporal_latest20,100,0.14,11448.0,71180.0,9629.0,81200.0,
temporal_latest20,100,0.16,9841.0,69749.0,9629.0,81200.0,
temporal_latest20,100,0.18,8433.0,68317.0,9629.0,81200.0,
temporal_latest20,100,0.2,6726.0,66886.0,9629.0,81200.0,
temporal_latest20,100,0.22,6218.0,65454.0,9629.0,81200.0,
temporal_latest20,100,0.24,5511.0,64023.0,9629.0,81200.0,
temporal_latest20,100,0.26,5504.0,62592.0,9629.0,81200.0,
temporal_latest20,100,0.28,5596.0,61160.0,9629.0,81200.0,
temporal_latest20,100,0.3,5489.0,59729.0,9629.0,81200.0,
temporal_latest20,100,0.32,5481.0,58297.0,9629.0,81200.0,
temporal_latest20,100,0.34,5574.0,56865.99999999999,9629.0,81200.0,
temporal_latest20,100,0.36,5266.0,55434.00000000001,9629.0,81200.0,
temporal_latest20,100,0.38,5259.0,54003.0,9629.0,81200.0,
temporal_latest20,100,0.4,5152.0,52572.0,9629.0,81200.0,
temporal_latest20,100,0.42,5244.0,51140.0,9629.0,81200.0,
temporal_latest20,100,0.44,5237.0,49709.0,9629.0,81200.0,
temporal_latest20,100,0.46,5229.0,48277.0,9629.0,81200.0,
temporal_latest20,100,0.48,5122.0,46846.0,9629.0,81200.0,
temporal_latest20,100,0.5,5214.0,45414.0,9629.0,81200.0,
temporal_latest20,100,0.52,5407.0,43983.0,9629.0,81200.0,
temporal_latest20,100,0.54,5600.0,42552.0,9629.0,81200.0,
temporal_latest20,100,0.56,5792.0,41120.0,9629.0,81200.0,
temporal_latest20,100,0.58,5885.0,39689.0,9629.0,81200.0,
temporal_latest20,100,0.6,6077.0,38257.0,9629.0,81200.0,
temporal_latest20,100,0.62,6270.0,36826.0,9629.0,81200.0,
temporal_latest20,100,0.64,6463.0,35395.0,9629.0,81200.0,
temporal_latest20,100,0.66,6655.0,33963.0,9629.0,81200.0,
temporal_latest20,100,0.68,6848.0,32531.999999999996,9629.0,81200.0,
temporal_latest20,100,0.7,6940.0,31100.000000000004,9629.0,81200.0,
temporal_latest20,100,0.72,7133.0,29669.0,9629.0,81200.0,
temporal_latest20,100,0.74,7325.0,28237.0,9629.0,81200.0,
temporal_latest20,100,0.76,7518.0,26806.0,9629.0,81200.0,
temporal_latest20,100,0.78,7611.0,25375.0,9629.0,81200.0,
temporal_latest20,100,0.8,7803.0,23943.0,9629.0,81200.0,
temporal_latest20,100,0.82,7996.0,22512.000000000007,9629.0,81200.0,
temporal_latest20,100,0.84,8188.0,21080.0,9629.0,81200.0,
temporal_latest20,100,0.86,8381.0,19649.0,9629.0,81200.0,
temporal_latest20,100,0.88,8474.0,18218.0,9629.0,81200.0,
temporal_latest20,100,0.9,8666.0,16786.0,9629.0,81200.0,
temporal_latest20,100,0.92,8859.0,15354.999999999996,9629.0,81200.0,
temporal_latest20,100,0.94,9051.0,13923.000000000004,9629.0,81200.0,
temporal_latest20,100,0.96,9244.0,12492.000000000004,9629.0,81200.0,
temporal_latest20,100,0.98,9436.0,11060.000000000002,9629.0,81200.0,
temporal_latest20,100,1.0,9629.0,9629.0,9629.0,81200.0,
temporal_latest20,100,0.48,5122.0,46846.0,9629.0,81200.0,True
