uuid,owner,gwp_per_ksi,regression_log_ci_pred
0053a523-ddb7-4656-a478-8055e84313a2,Heidelberg Materials Beton Danmark A/S,47.80407580254571,4.719930838198725
00b7a5e0-9d7c-49eb-8beb-dd77ff12608f,A/S Ikast Betonvarefabrik,48.04150720970586,4.431590154908959
00f66c0c-af18-4b38-9369-0852faadf93c,Heidelberg Materials Beton Danmark A/S,51.7876944181704,4.512219683563213
01145859-af70-4f30-96ab-f4a8f3e92f9d,Trønderbetong AS,41.06567000945247,4.338453646684124
01ed916b-7f87-4e91-bc15-549e6430a59d,Heidelberg Materials Beton Danmark A/S,62.74628998974494,3.984699916209592
0375f9de-f1e4-4bba-88ef-b43f7add35e5,Vadsø Transportservice as,47.26776376362135,4.059193604246157
03fee8e9-6033-441e-9300-7e9a73ed5ead,Heidelberg Materials Lietuva Betonas UAB  -  Concrete,60.13742415553068,4.017739620137722
04377811-b78b-4b3e-b4e8-d108636ac797,,58.98837239589317,3.9280300799636594
048103a7-40be-41cb-80c2-760bf98c00c3,Nordnes Betong og anlegg AS,43.61115082928886,3.9419264404493095
07c8d947-86a7-46a8-b858-8739531e2f7c,Heidelberg Materials Beton Danmark A/S,52.25191845159674,4.145855936532752
0db1875a-3563-4756-a930-7a315229ae5f,Aurland Energibygg AS,53.0824580076881,4.3871998350752595
0e2199f5-b3a0-4305-adb5-e28a8e7f07da,Vestfold Betong AS ,50.221321308898354,4.2957197773930496
0e2e8489-92cb-4efc-9c0c-d0c9a85411e4,Blanderiet AS,41.09014020877623,4.124159686358443
117c2917-69a6-4c63-8ed7-7867ec851ef4,Heidelberg Materials Beton Danmark A/S,56.6697686367914,4.599630707566806
13848bf1-420a-4c17-a1a1-323d7bd7d4ee,Heidelberg Materials Beton Danmark A/S,45.08842558635353,4.074556915324778
17420ee0-629c-46c0-860d-2281f57d1620,Hjelmeset Betong AS,52.56487089943003,4.38835054106974
176384c9-a597-4f62-9115-7916953dbd26,Betong og Sand AS,50.42946986017687,4.346757766176778
18188887-32dc-4f74-9ec4-f712933e2712,Gammelrand Beton A/S,48.66594615259942,4.101547425002347
184b0d0e-1197-4c85-b5f1-1ec2203152e5,A/S Ikast Betonvarefabrik,43.378132761205336,4.626779135893071
195cf726-3fa0-41a7-957a-f15f66f51809, Betongservice AS,38.42502577868481,4.10718709392324
19a240b1-73d0-45e9-af13-d220da5c1cc8,Heidelberg Materials Beton Danmark A/S,66.90663015525536,4.045857826739991
1a6c6e84-e653-47d8-878f-56c2119d73c7,Egersund Betongindustri AS,39.92177432081846,4.373131256835537
1dfed1a5-ec4e-4e59-ae9e-7cd26a8c58f8,A/S Ikast Betonvarefabrik,61.19958123626497,4.4110758897846685
1e38d3d2-84de-478b-88d9-4de6d7809a48,Egersund Betongindustri AS,38.36501684312979,4.038104973583848
234b9546-19b5-47fd-9f45-dd744227acb5,Heidelberg Materials Beton Danmark A/S,40.94613349759847,4.073419110225168
239d9a9f-27d7-42ca-91d0-ad82712cdc16,FC Beton,46.24718519143176,4.496768964794682
241d07eb-c749-442e-8fc9-b32ca596e238,Heidelberg Materials Beton Danmark A/S,41.56449581216389,3.98415548070091
25ba3a4a-3ce7-48f6-8111-bc6bd180ba96,Berg Betong AS,30.287044720353126,3.9724087969844
25e178b2-43ad-4af4-a36b-5d8fb11a1eb1,A/S Ikast Betonvarefabrik,52.50923284848247,4.34916921757172
26a1ba43-be02-4cb9-97a9-7cf15f9ff2da,,57.6860317066332,4.482883395912062
26dc06d2-e3ca-49e3-aefb-5f99b7012747,FC Beton,55.31908841133833,4.699410349454063
270826d5-d940-42e8-b7bf-86d90ad252a4,SCHWENK Zement GmbH & Co. KG,31.945651024788905,4.406403400272575
272c19f5-d605-46ae-8170-9e7493276764,Mathias Øen transport,46.403384677348406,4.106856375249534
27ae796a-250d-4aff-aca6-028e8e065649,Unicon A/S,42.10269661363884,4.451092212251131
282e2d7d-5880-430d-9f01-fc0361c2fd34,Opshaug Sandtak AS,54.61095025811581,4.3821542641370925
2835ca0e-3d80-457a-8fe1-341c4828853a,Unicon A/S,34.918351089267645,4.2266668446900875
29c49da0-ae9b-4c48-b03a-d79a3c986023,Unicon A/S,47.94342653580523,4.388858189046169
2ad69921-5452-4a1f-8893-aef31e783e3b,Rissa Betong AS,56.82930257530256,4.378808572630881
2c369410-0ae3-4872-83dd-51ada5a33c09,Heidelberg Materials Beton Danmark A/S,32.34255666205904,4.447184598567695
2fd6f2b1-1066-49fc-820e-4633360bf1fc,Heidelberg Materials Beton Danmark A/S,63.773797626323216,4.376150917330752
2ff36156-e80c-413a-896e-e6bd1ddc8fdc,,60.21410480931434,4.482883395912062
305476d0-bdb0-46cf-83eb-e7cf71f3170b,Velde Betong AS,38.74367024120881,3.930676891805519
30620709-31a6-4912-83ba-104c8f78529e,Skagen Cement Støberi A/S,47.64556003710063,4.717239930039475
337b9f19-fa35-4e89-86de-261625321f4b,Egersund Betongindustri AS,37.27220904905434,4.038104973583848
33f98a40-f306-4c55-b31b-2c0ee125e80d,Velde Betong AS,47.82051206284856,4.033046126997543
34148c32-97e8-48dc-9074-8a79735ef8f1,Wewers Beton A/S,46.78521811825269,4.3183443028405755
34eddde7-8ea7-4ba7-b98c-25e5c00e2771,Wewers Beton A/S,60.001502175709625,4.131552043435323
3500d4a3-c8e6-4578-bb87-a49c79f3d1ad,Unicon A/S,47.86408139145426,4.120016457607665
36a733f2-6e50-4237-bf29-b896e8de99a2,Velde Betong AS,48.15443768759452,4.326361561842685
37284b20-6995-4b72-bd23-dcaf99469e9c,Gammelrand Beton A/S,53.82096455891352,4.037117182648421
3c53747b-a740-4510-a620-f97071117760,A/S Ikast Betonvarefabrik,55.49868959159944,4.31001642549395
3f99b39b-2f57-4a5f-ac74-1d6612ab7cf2,Unicon A/S,49.17756898858447,4.117240117141683
410e5883-cd68-418a-a2b5-0b1ced4f6711,Unicon A/S,59.20039153449343,4.063612550497884
43371547-46c1-45e9-8cf0-b3aef90b9318,Unicon A/S,55.33771585977743,4.546671805875978
43920a45-edbc-49cb-8dc3-07d9356a277a,Wewers Beton A/S,58.84220929879782,4.541674135647484
43ed11b1-6776-4a50-b21c-d72a0049029a,Heidelberg Materials UK,57.25223734469588,4.261885413108998
44ddc697-6419-438d-81a1-372d91b63337,Heidelberg Materials Beton Danmark A/S,45.90305219751209,4.512219683563213
4573bc72-1961-454f-a410-fdaf9a667463,Storegga Betong AS,121.83467718242598,4.457639303698546
45a21c71-e0e0-4b68-89cb-68097162c565,Heidelberg Materials Beton Danmark A/S,56.14383068829989,4.542451941615324
46b191a0-1044-4321-bb54-f67da662c057,Sylteosen Betong AS,44.6527457282018,4.265503211317634
48323856-8105-4327-a2fa-d284fcd7b7b4,Heidelberg Materials UK,45.18212468456542,4.793358357880563
4895e95e-976e-44b9-a405-36ab28061749,Velde Betong AS,45.67103991466535,4.3424894723859015
48b6af7b-3ac1-4be8-91c8-0c31d641cbda,Namdal Betong & Plast AS,39.08168366130592,4.096066400226654
48d84b4a-6132-49da-ae43-20a2ce918e41,Vestfold Betong AS,22.431705224106,4.106856375249534
49ad7154-c30a-4da6-b156-63d286178b7f,Storegga Betong AS,40.36283116127084,4.080395504822815
4a47cd4a-401f-475b-a8c2-0e7198359759,Sylteosen Betong AS,45.10413149934039,3.9591436728467033
4ba63a77-d5ae-4673-95ab-00faf24bbe3e,Heidelberg Materials UK,35.80342491524389,4.499879485294854
4bdf70d8-809c-40cd-992a-39200e3b56ad,SCHWENK Transportbeton GmbH & Co.KG,48.15666558938866,4.341984090034384
4bf69ab3-6c56-46e4-84fd-ddbb253e2fc1,Heidelberg Materials Beton Danmark A/S,67.54876431308507,4.376150917330752
4d15d11e-ee2a-4185-9bfc-e4c1536806e7,Per A. Øren Entreprenør AS,65.90719483587515,4.070871957920352
4d5308bb-52fe-4d89-84c2-609ec4ad6375,A/S Ikast Betonvarefabrik,49.71083917072768,4.755742829860009
4e1d7a52-bc9d-4cb7-be17-59bf8f33dbfc,Heidelberg Materials Beton Danmark A/S,51.6013004235405,4.373374576864769
4f98e7dd-a08a-4a6f-8682-2157dec26ae2,Unicon A/S,50.29896949827654,4.428859763160107
4ff3b52a-1e15-4c16-9d07-0803537a3185,Heidelberg Materials Beton Danmark A/S,62.72290018840236,4.717139623404544
50349d8f-77c0-4747-b219-39fc5ba4bd07,A/S Ikast Betonvarefabrik,75.55447792684468,4.02675487365054
50953002-d72f-4a78-aa5e-3fdbbebf2140,Unicon A/S,33.21857938829469,4.006262252385249
51d2799c-e8f2-45e9-b32a-8cf6a33744de,Unicon A/S,47.31607215624675,4.134985634542401
527bc893-14d4-4e27-b9ad-7d2c168ff741,OK Ferdigbetong AS,43.4578938085297,4.037701085816971
532592ff-eb8a-4bb2-8e47-1b55e967e859,Heidelberg Materials Beton Danmark A/S,40.38800545045496,4.078290877890782
54178621-cddf-4029-ac35-d7c63968095e,Wewers Beton A/S,43.690559151106605,4.443801392045869
54f3596b-c01a-4e8f-bab7-d015b9653f40,Rjukan Betong AS,42.23722839382231,4.0747780321764235
5552e83b-09ad-4d6d-8cdc-bee9592af143,Heidelberg Materials Beton Danmark A/S,50.07303870960829,4.373374576864769
5739d50f-1a92-404b-a316-f558bc9989fe,Syltemoa Sandtak AS,52.05600465663159,4.364401092540024
58476c51-01e2-4866-bd27-d665341f09fe,Unicon A/S,51.15880505288348,4.081307149672912
5c1cc1dc-d457-442a-b2ad-44683d58c03d,Blanderiet AS,44.56094009018464,4.086952413307487
5d15ecb4-6b4b-48ee-ba8d-4d4aab1f636d,Wewers Beton A/S,49.88614789501487,4.323865755484747
5e9a50a0-69a0-4fbd-93ac-3b18695dc685,Lister Ferdigbetong AS,32.30008105266727,3.9724087969844
5edace34-732e-46be-b147-de20c7919147,Heidelberg Materials Beton Danmark A/S,39.677612418570114,4.078290877890782
614ceba8-0873-409a-96e0-9299f6242972,Wewers Beton A/S,63.202895531794674,4.701523779777291
62005f1c-5394-4459-a726-d4840d4eb409,A/S Ikast Betonvarefabrik,57.45070754101477,4.564298721857408
62243852-dae2-4f10-b96b-92ce2f042e34,Unicon A/S,51.44916669138812,4.0030350715362415
62ce8e03-0606-4157-a641-bb7fd29a0d29,Heidelberg Materials Beton Danmark A/S,53.4337066965347,4.719930838198725
6332e6b3-0527-45e7-a6d0-84a12656f084,Heidelberg Materials Benelux SA  -  RMC,36.20607130455987,3.984877611639002
6380fce1-ea13-4ee7-8e3b-58ed1925a03b,,50.35782921015596,4.3452001436436145
66252e2d-e8f2-4b9c-8df1-bb14a6eefd9d,Unicon A/S,47.50916267132752,4.5457090469158565
66f1f25b-30e6-4a78-8021-0826384688cd,Gammelrand Beton A/S,55.58904956712488,4.205948939790463
676cd3b4-fb40-4318-80f0-7df77f83ca55,Fosen Betong  AS,55.96712527653489,4.3690954311337595
6827bfae-b7dd-4dd7-b9ba-4f2f1f660aba,AS Uthaug Sementstøperi,53.018441005204735,4.077002986959919
6adc4542-fad3-4ee9-86e2-e84a7cf3160d,Sola Betong AS,44.79799493412876,4.3218779676220676
6b0c3450-cbf9-4873-a67f-be3dd0402e10,NOBI AS,44.98422921986767,4.394139682863205
6c7ca93f-42af-461c-8a9b-fefffc736221,Stjern Betong AS,54.80657127909169,4.39670704264521
6c93a43d-2bcd-48a5-906e-36d6ccab1cb8,Sylteosen Betong AS,55.64029445612422,4.094605037441382
6d4c86c4-9cf6-43ae-a5a4-5796640c0aee,FC Beton,55.24265587359566,4.35708979223186
6e35bfe4-5f4f-4a32-bf8c-532aced3b54e,Blanderiet AS,33.64028496824249,3.9655495960168725
6e589de6-0245-42de-a361-5a3900c24558,Trønderbetong AS,38.99697870344186,4.036337055473762
6fc996e2-f735-4902-a6b2-b1dd23bfd6b0,Unicon A/S,58.28182108455427,4.796492867154685
701821fe-06a4-49a4-9dab-c8f52f3a3403,Heidelberg Materials Beton Danmark A/S,48.920476017056025,4.074187286341278
711f934b-4001-45f7-a8e8-7a47b669f2c3,Wewers Beton A/S,45.50322806339097,4.590253556569852
71a77881-f678-4378-a858-a555077ae000,Betong Vest AS,55.69527621986744,4.317507783531354
72131ede-f474-48a5-b0de-c6ccbe39a118,Lister Ferdigbetong AS,39.78406267433303,4.0747780321764235
728c656a-8e79-4b77-82f8-a6d655c82834,A/S Ikast Betonvarefabrik,53.537871722253705,4.465498415286729
7606db54-62ed-4932-82e2-8003776ee494,Aurland Energibygg AS,52.88605717442647,4.395159358194854
76136927-4295-4a40-bd12-6371ad370794,Unicon A/S,36.55744585809177,4.004679142339505
765d9ed5-608f-42ff-992e-67ac8bed2f5c,Heidelberg Materials Lietuva Betonas UAB  -  Concrete,60.60689085296515,4.484802226962144
78d9f536-6cd4-4d66-8e6f-4fd11128eb91,Unicon A/S,35.22169816817859,4.009431721613351
791c5085-c392-4891-870f-cec8aa80f16f,Heidelberg Materials Beton Danmark A/S,55.2044600079546,4.509443343097231
79533c56-843a-47a1-b388-f29a40598a4d,Egersund Betongindustri AS,32.60649175752408,3.9357357383918212
7dd6d534-7499-4c78-8ded-8b447ea59c44,OK Ferdigbetong AS,40.91002192423288,4.034924745350988
7fea73c1-b728-4239-861f-20ad73d0d2ef,Heidelberg Materials Beton Danmark A/S,52.85040624985341,4.509443343097231
801c7ee9-e148-4e9a-9572-87e4ad643adf,FC Beton,61.4550464239158,4.579569991836193
80e06109-8a0c-49f7-9dfc-8604b1b65dfc,Wewers Beton A/S,76.14066031392375,4.747798349711756
8114f7b5-8e82-42a3-8234-1b368bfa2317,Skagen Cement Støberi A/S',53.202957092117536,4.050076900236365
81f2aae7-c19a-4afa-b110-52c2bfc7cce2,Heidelberg Materials Beton Danmark A/S,51.38602727701257,4.0430814862740085
83bd1d95-7d69-4ea9-8465-975d963cccd4,Heidelberg Materials UK,63.19526114338508,4.485569431425899
8489b3e1-6c3b-463b-9c87-3fb4f8f12bdc,Lister Ferdigbetong AS,33.042437849321466,3.9724087969844
8665cfc8-498c-4c7e-981b-3c48dbc970b4,Unicon A/S,49.15840723736499,4.043704364778194
877948e8-be5f-47b5-9f96-a367f71a8567,A/S Ikast Betonvarefabrik,69.84563559060898,4.161519082767881
883609ad-3073-42f9-885e-7e2b3cc3a778,Heidelberg Materials Beton Danmark A/S,66.15628023557922,4.717139623404544
88c99068-5c60-4927-92cc-cf2a51c09927,SCHWENK Transportbeton GmbH & Co.KG,47.908690326276535,4.341984090034384
88e3d38c-7b44-48ec-b60c-2cc246edd063,A/S Ikast Betonvarefabrik,48.25725194185992,4.437326783077922
891e3bdd-20e0-42e1-8195-f1d8299fac95,Betong Øst AS,38.81954157109645,4.1142036509243205
8b203886-2666-49f8-91fa-e0798c5f5cf5,Heidelberg Materials Lietuva Betonas UAB  -  Concrete,61.9223848112189,4.355288038598743
8d9f2a5a-422f-4e81-8761-6a511f3ca62b,Velde Betong AS,38.587082925394256,3.930676891805519
8dc53a17-4cf1-4ac7-bceb-2817873a69af,Heidelberg Materials Beton Danmark A/S,37.69446629973523,4.447184598567695
8de2f53c-caa0-4d95-b2c3-70b23aca345f,A/S Ikast Betonvarefabrik,61.82644951110329,4.008176318298525
8e3d43a9-c997-45d1-a9b8-8c58b654e38f,Ribe Betong AS,44.27787320963196,4.333581585127945
8fa2d7a3-c147-4f45-996f-ba377c247d3c,Røyrvik Bygg og Betong AS,50.43925189892924,4.358235253270976
8fbc0adf-74c7-4ccb-aa76-20335fc4ce79,Unicon A/S,47.90106602869633,4.086972747528292
90024685-ee87-45e8-90eb-9f59b3d3b1f8,,58.83515584421554,4.393234738694912
928f459b-2451-49e8-8e0e-098d9ed81f13,Heidelberg Materials Beton Danmark A/S,44.81949547906341,4.5943630439944965
935bb964-aa73-40ec-9ef4-04efbd379738,Unicon A/S,51.21936132370886,4.03943258674164
94026df0-62c0-4eee-b8b2-b88802487d18,BM Vallá,56.168362503274444,4.426440520674658
941ac5c8-10b7-479b-ab4d-7d109d8ef9a3,Heidelberg Materials Beton Danmark A/S,67.93069764214205,4.604813759515271
95180f1b-85c5-4b95-bae0-cf4a596df1d8,Unicon A/S,37.53636613031137,4.224364769124698
9543d827-5ec7-4d9c-9f01-f35e78a5ba28,Swerock AB,56.61045151385614,4.35708979223186
95efe7ba-fc86-414b-95dc-6cb91357fb4a,Midt-Norsk Betong Verdal AS,54.04288192153624,4.144858837352115
9682367f-eb5d-4cc6-8571-8a50de161582,Unicon A/S,46.00208590095009,4.275819027990063
96ef298e-2d82-4e3f-9d14-bba2605c8f37,Heidelberg Materials Beton Danmark A/S,48.49131647097036,4.511693845005908
96f38a5d-507b-4047-a69a-6d4e4248f295,Trønderbetong AS,32.88706496668872,3.9171692930711544
97e10fed-5df3-4130-9ff3-c245a5996837,Unicon A/S,48.53807213499221,4.457169175879562
9836fab0-ba54-4ca8-b4a8-de79308f34c0,Unicon A/S,39.70755510188111,4.226644864872739
9972a41f-9737-4a15-9567-64350fa09967,Vesterålsbetong AS,49.498979261705664,4.332586435087351
99d45706-f7fc-4cb7-ac15-5d480c431885,Nordland Betong,45.48556983200747,4.327639379020405
9bbdabf7-3284-415c-9799-621a88d876c3,Heidelberg Materials Beton Danmark A/S,50.750381967858345,4.511693845005908
9c4bc948-37d0-4fe3-b815-3e6add45a556,Heidelberg Materials Beton Danmark A/S,49.806949672848845,3.9851658822083014
9f71ac96-1ede-45f3-9ef4-3749eb41c7f0,Unicon A/S,44.56677952073743,4.086406085444687
9fc3ee6a-e584-4185-b1ec-0bca59aeda94,Sunnfjord Betong AS,63.067956438586535,4.077960645276559
9fcbaeba-d5f4-4def-80e8-2d73c6060f40,Unicon A/S,44.01547069566683,4.5415478015784
9fd17334-163b-4494-bb83-0e4fdb5afc94,Nordfjord Betong AS,53.10897072551759,3.952662215835375
a129c80d-4a75-4301-be97-7793a0747685,Heidelberg Materials UK,31.93559618858506,4.232026408783913
a26a3968-7cbb-4756-8a66-e69fa65d879e,Lister Ferdigbetong AS,41.80618150253818,4.370354916369554
a2995b2d-7fd3-460b-95ae-5c6f45c0b07d,Sola Betong AS,49.62501675550568,4.373363724924636
a3aad49f-1828-4095-bc93-828274b8083d,A/S Ikast Betonvarefabrik,70.16685764103556,4.127999502638829
a82043eb-29a1-4e28-83b9-2b402714eeea,BM Vallá,71.04210929124207,4.355421742268142
a83d00d1-3bd9-4fb8-84b9-50f446d9c829,Unicon A/S,45.48310023685104,4.091835502689638
a8922da4-1189-4544-937a-bdf1d6a2f3a1,Heidelberg Materials Benelux SA  -  RMC,33.14786525176758,3.984877611639002
a8ecbacc-3e47-4617-b339-734814b11063,Gammelrand Beton A/S,38.31631200451904,4.317266473625169
aa60b78c-7b8a-418e-a143-543cd78d2ed0,Unicon A/S,52.17561325876149,4.0022110934978175
ad27ee3f-8686-4469-a86f-32393f0081c1,Unicon A/S,42.47560256159902,4.366463327756051
ad8f14d3-c0b9-4f0c-a39e-e15065b785f3,Ferdigbetong AS,51.22005255268114,4.369831203067314
aeba2c78-c83e-420b-b7ca-84cd9c824128,Velde Betong AS,31.165870706680696,3.930676891805519
b1ecbd74-fcff-42c4-af71-0737dc5c7c40,Norsk Spennbetong AS,28.93971904849885,3.9357357383918212
b240a5c2-be46-4fcd-b241-ab7121f7820f,Unicon A/S,48.49244197352245,4.005030860325544
b3602564-ee7d-4133-ae10-b89c17246fc2,Egersund Betongindustri AS,54.50074214346586,4.077960645276559
b3967f7d-a6ad-43e0-a467-afadc03bff5e,Berg Betong AS,37.68058743394953,4.0747780321764235
b3b1a564-0c9a-4b7e-9785-7b485cc0e0f3,Betongindustri AB,35.791112870912656,4.4019264333507016
b44cd475-5278-4b55-85bf-5c7ae0bd2b22,Trønderbetong AS,40.25002196899671,4.036337055473762
b5f33f6f-907c-4f69-89b3-abae49787101,A/S Ikast Betonvarefabrik,64.01848654421893,4.009521321862194
b69d43ee-fdf1-4924-a22b-3451bdf1da60,Namdal Betong & Plast AS,56.60842042039764,4.4674011690870365
b6e353ab-3ef0-4040-9026-4cb31f23ae59,Heidelberg Materials UK,45.76140637035024,4.511152230916466
b85b206d-9373-411b-896e-6d8ee713e715,Åkra Sementstøperi AS,49.02166687965696,4.066796340079907
b892a682-2d41-4ce6-b73e-d17850b0d590,Unicon A/S,47.97466753624775,4.599770721368585
b92d3322-6b84-45c7-bc88-fc5bd637e5f6,A/S Ikast Betonvarefabrik,60.03318770613816,4.402191601015238
b957fe55-f761-4e2e-885c-c9143549c455,Gammelrand Beton A/S,45.23502620801118,4.015406396155414
bb04f8c8-73e5-4ea9-a97e-547d1d03f988,Unicon A/S,37.33500440867662,4.362278141584454
bc86105a-98ce-4288-93af-ef0ba8d6bfe9,A/S Ikast Betonvarefabrik,56.8093130697955,4.410453805140695
bce946f1-1542-444f-8565-9bf95230f14e,Unicon A/S,48.32573990855385,4.348429625722507
bd0d4ca2-a31c-4dd7-8ec7-e177f72e9920,Gammelrand Beton A/S,42.40824111341812,4.717053262968058
be008f1a-df1f-4934-9d45-25b502f7114c,Heidelberg Materials Beton Danmark A/S,55.44119253941863,4.600120223587453
be7a01e5-f678-4a8f-969c-7d160fd92de7,Heidelberg Materials UK,34.639628924833495,4.233111446554608
bff9d813-d3fd-46ec-83e0-1de4be260328,Heidelberg Materials Beton Danmark A/S,52.28991912846977,4.443328513498585
c1d846fe-7ab7-4b4a-b426-02e70d32199b,Unicon A/S,50.38695005489892,4.085340233021519
c1f9ef1e-a43a-48d3-895c-c228432652cf,Heidelberg Materials Beton Danmark A/S,48.85194141748749,3.9753672999901437
c2553da2-cd59-43f3-a1ba-d83ee64f6dca,Egersund Betongindustri AS,38.03697990247337,4.058486634504358
c359916f-399d-413b-ae63-fb1ce5b93caa,Heidelberg Materials UK,33.36317772879226,4.492414515836823
c5ca8d8d-03df-4bf5-9cf6-9d76812dd558,Trønderbetong AS,32.0191582446355,3.9339678202817354
c696678f-9f82-45f5-85bc-0882e9e0ae3b,Unicon A/S,40.23558483058969,4.226317131552254
c9ef0f5c-a8a9-4d53-b1b6-fbd9d08edb3e,Leonhard Nilsen & Sønner AS,63.07234979305542,4.100122176907525
ca060b11-a8c3-49e8-88aa-45d8722d6b72,Heidelberg Materials Beton Danmark A/S,75.6079885029745,4.946216926188846
caa2251d-7738-49ce-9b23-445b1e3dbcf8,NorBetong AS,51.88260109707456,4.370489715959272
cc37584a-7821-4700-8e0d-98dcf967f0e9,Heidelberg Materials Beton Danmark A/S,50.52657111318591,4.142956925205298
cd1f0b21-4e1e-4425-9a4f-c77f72cf054d,Hokksund Betong AS,43.374602801474325,4.3860827820859205
ce417ca5-64e5-4526-97b5-99620e6d1225,AS Vågsøy Ferdigbetong,66.63578629516482,4.098846867446273
d13258bc-45dd-4b36-8ee4-b12cdda7bc21,Ryfoss Betong AS,57.56361394273974,4.087690428593143
d2098c67-752f-4be9-885c-9d2db6a55abd,Heidelberg Materials Beton Danmark A/S,50.11875567973542,4.376150917330752
d2b75821-d34b-4202-b9cd-39924c5082cc,Dyrøy Betong Ålesund as,48.11492844537215,4.054800623667406
d320f189-9a4b-4cac-aaf7-605738e139a3,Midt-Norsk Betong Verdal AS,54.03205046782843,4.356538406549373
d4204255-c3e7-487f-874f-91a84efe6fb5,Lofot Entreprenør AS,31.94510811062893,4.029230041329488
d4f66366-1679-4ea2-ba18-23481c58107b,Stjern Betong AS,41.16942883041148,3.974942465350701
d6916f28-cfdc-4810-80b4-b78a109a747c,Gammelrand Beton A/S,54.388463098050174,4.212422794363165
d6b014eb-d9a2-467c-bbd8-79917e44a1de,Unicon A/S,47.641780793883534,4.38843258147035
d6ec8db5-2cee-4672-af48-9f3c74213737,Unicon AS,50.8625325776693,4.3223257361409075
d84bfef9-8a04-46df-af7a-364e7461ac87,Gammelrand Beton A/S,42.53767727119605,4.312192742045385
d9691bd2-a022-40e8-ac03-14fad2410c00,Skagen Cement Støberi A/S,60.89022557338043,4.570387504521429
d9c4fd91-2127-4f27-b495-d83f00ebce75,Åkra Sementstøperi AS,50.8625423425762,4.361036118470159
da97da44-2c34-4236-902e-1de3b47ba33e,Ølen Betong AS,41.84912444321718,4.346490485203929
dbb7ec62-5b47-4bf8-be69-0e3ac006880a,Heidelberg Materials Beton Danmark A/S,47.447300298508665,4.376150917330752
dcfbf5c0-d3b9-4a3b-8b4f-6c743f2115ce,FC Beton,51.06106018060687,4.0360356290582144
de137fa3-4ed7-4a7d-8698-54d16911a344,Unicon A/S,48.21630991223312,4.351276872940851
de5889d2-8360-45f2-b529-c02799b01140,Wewers Beton A/S,60.09460688580037,4.143084801113352
df2b5d3c-805c-4a47-940f-7f3d0ba047dd,Wewers Beton A/S,55.4551129355824,4.416216746613882
e2ad9ff8-0657-4627-bd17-52ecb8f88cb5,Bjerka Sandindustri AS,51.92904197473117,4.229774963608373
e3655593-5082-4b57-98d1-0760a1ded3e6,Heidelberg Materials Beton Danmark A/S,50.79670692029518,4.104825075514853
e5ce2678-986c-4378-82aa-9204579f56eb,Heidelberg Materials Beton Danmark A/S,40.86584908192751,4.053701716952685
e5f09815-7b8d-424f-a557-f62e881e0e5e,Heidelberg Materials Beton Danmark A/S,42.55628716520802,4.446195925007412
e69bd8d6-3d5a-4c9a-9bc9-ac147817877e,Heidelberg Materials Lietuva Betonas UAB  -  Concrete,66.1939297972713,4.355288038598743
e8130098-5033-4d41-bf6d-ce0061cb04c5,FC Beton,48.699114208396765,4.582346332302175
e953e990-f02d-4cb2-9d09-270e15d30279,Nordland Betong,58.58583540893628,4.352461311811417
e99caf1a-0f84-4ada-b9c9-e49b19473d2a,Heidelberg Materials Beton Danmark A/S,54.401861078069885,4.599630707566806
e9f5efd7-2c10-4eb5-a242-fe1ee66b7b91,Heidelberg Materials UK,74.22192804644301,4.749541300444833
eb1aa483-9bec-4ce9-8e08-267ccea4638d,Solid Betong AS,50.31926234266698,4.36965679186736
eb34ccb2-88cf-40bf-86b4-e5ea631cf36f,NorBetong AS,48.75631025983443,4.373131256835537
ebb7c42f-67e9-4d89-926f-77c36f50023f,Heidelberg Materials Beton Danmark A/S,55.4353455135012,4.717001954818842
edcfadd4-f465-40e0-9cc6-e415506805c5,Heidelberg Materials Beton Danmark A/S,51.99234566337807,4.0928492998213635
ede6eb6c-2b0a-4dfe-bc75-a7f6ffe627eb,Heidelberg Materials Beton Danmark A/S,49.028898776053566,4.050834305443858
ef6f7c13-471b-4a31-81f0-f04abe1ddb24,Ulstein Betong AS,53.87445453823807,4.075655493541447
f09ad0a4-fe0d-486e-99a8-f09eba667142,Helgeland Ferdigbetong AS,29.328042293882365,4.002201999843901
f0c7faa6-21b6-46d3-8442-a58b9827b4ef,Ulstein Betong AS,44.3957262754662,3.9573757547366175
f0da776f-824d-4890-b10a-4ef44fec3bea,Unicon A/S,46.64653144736776,4.006983222753099
f129fd3e-6e1b-4b23-abbf-f3ea6a591628,Blanderiet AS,46.21515927058012,4.2591578398530885
f15215cc-3486-40cd-bfed-2e6b9ee46ddc,Heidelberg Materials Beton Danmark A/S,43.87693669461619,4.074187286341278
f1563672-caf1-4a9c-9683-ede87467a2a8,Unicon A/S,35.349687110727835,4.005744994762673
f1a37b19-fbf1-4bc5-b930-9e652ce617da,Heidelberg Materials Beton Danmark A/S,50.07111154881125,4.066227408057636
f2d7fc6d-bcaa-4c4c-ab91-e433d5765b06,A/S Ikast Betonvarefabrik,62.86723673008507,4.486036559042575
f4de0171-f625-4953-859f-e7495a407b5e,Wewers Beton A/S,69.46901735989775,4.641912151386466
f5adba57-2c55-4072-ae19-04913f5c9fe2,Blanderiet AS,42.43655470320652,4.38549864305922
f837ce51-9ca1-427f-bb34-4115c14ff5f2,Berg Betong AS,55.22009663080963,4.373867263162931
f8ab73a0-c276-4399-8bad-6ba345cb8f19,Skagen Cement Støberi A/S,52.25341003420665,3.958821161710572
f9348f15-ad9b-4897-88dd-0585b291b8c7,Sandnes & Jærbetong,41.87282400538663,4.3424894723859015
fa097616-c491-4121-9915-6d7871c8500c,Unicon A/S,45.41015094290002,4.272971780771719
fa7dd645-2349-4a8d-b251-17a0e2fafc51,Heidelberg Materials Beton Danmark A/S,35.56475319162748,4.315191961952809
ff424d09-5d82-4da6-96b5-2f7effe00951,Åkra Sementstøperi AS,54.48382384873977,4.493598165378687
