algorithm,family,split,n_train,n_test,test_positive_rate,threshold,roc_auc,average_precision,accuracy,balanced_accuracy,f1,precision,recall,specificity,fit_seconds
CARM-Boost fixed single model,custom single boosted model,group_company,37092,9825,0.1150127226463104,,0.954266718233956,0.8018715595176092,0.9169465648854962,0.8422040945106282,0.6736,0.6145985401459854,0.7451327433628319,0.9392754456584244,39.714
XGBoost GPU,gradient boosting,group_company,37092,9825,0.1150127226463104,,0.95341779173261,0.7965850504173133,0.9337404580152672,0.8428379141709965,0.7155963302752294,0.7066436583261432,0.7247787610619469,0.960897067280046,23.309
CatBoost CPU SVD,gradient boosting,group_company,37092,9825,0.1150127226463104,,0.9527431592767688,0.790937211744323,0.9448346055979644,0.8433312808195128,0.747906976744186,0.788235294117647,0.7115044247787611,0.9751581368602644,10.605
HistGradientBoosting SVD,gradient boosting,group_company,37092,9825,0.1150127226463104,,0.9355023485168468,0.7462219902268014,0.9448346055979644,0.8183079992061352,0.7316831683168317,0.8303370786516854,0.6539823008849558,0.9826336975273146,9.121
LightGBM GPU,gradient boosting,group_company,37092,9825,0.1150127226463104,,0.9337798653483084,0.7757626955884959,0.9417811704834606,0.8169678433847141,0.7212475633528265,0.8026030368763557,0.6548672566371682,0.97906843013226,68.256
Complement Naive Bayes,probabilistic linear,group_company,37092,9825,0.1150127226463104,,0.9265992051173748,0.6327875546591728,0.843765903307888,0.8459004004946389,0.5554590211410367,0.4128282393456737,0.8486725663716814,0.8431282346175963,0.034
Random Forest,bagging ensemble,group_company,37092,9825,0.1150127226463104,,0.9148453235762593,0.6449155757406503,0.8887531806615776,0.5206063906120393,0.080740117746005,0.8135593220338984,0.0424778761061946,0.998734905117884,18.695
SGD logistic regression,linear,group_company,37092,9825,0.1150127226463104,,0.9043671217819214,0.6503517701273651,0.9075826972010178,0.7468298839227101,0.5725047080979284,0.6116700201207244,0.5380530973451327,0.9556066705002876,3.348
Linear SVM SGD,linear margin,group_company,37092,9825,0.1150127226463104,,0.8984882472380118,0.6384121695468411,0.825852417302799,0.8161459897102902,0.5148851715338815,0.3788068418856904,0.8035398230088495,0.8287521564117308,2.97
MLP SVD,neural network,group_company,37092,9825,0.1150127226463104,,0.8901348552468868,0.6703120448666217,0.8966921119592876,0.8126669787844707,0.6103646833013435,0.5389830508474577,0.7035398230088495,0.921794134560092,11.039
Extra Trees,bagging ensemble,group_company,37092,9825,0.1150127226463104,,0.8720681705995206,0.5077514422632596,0.890381679389313,0.5330756665156966,0.1265206812652068,0.7572815533980582,0.0690265486725663,0.9971247843588268,36.921
Passive-Aggressive,linear margin,group_company,37092,9825,0.1150127226463104,,0.8583879963563639,0.5251240885475873,0.7590839694656488,0.7818879225676438,0.4365627231611521,0.298599804623901,0.8115044247787611,0.7522714203565267,1.141
Ridge classifier,linear,group_company,37092,9825,0.1150127226463104,,0.8020578910674938,0.4051603907548414,0.7874809160305344,0.7313311993974769,0.4161073825503356,0.3041700735895339,0.6584070796460177,0.8042553191489362,7.422
CARM-Boost fixed single model,custom single boosted model,group_epd_source,42343,4574,0.1090948841276781,,0.9524182106544375,0.7824349840628895,0.9024923480542196,0.8608628299543873,0.6437699680511182,0.5351925630810093,0.8076152304609219,0.9141104294478528,44.209
LightGBM GPU,gradient boosting,temporal_latest20,37288,9629,0.0843285907155467,,0.9642667182910756,0.8099121874687535,0.9548239692595284,0.854575883690877,0.7326367547633682,0.7312883435582822,0.7339901477832512,0.9751616195985028,71.697
SGD logistic regression,linear,temporal_latest20,37288,9629,0.0843285907155467,,0.9615891909438272,0.771096352387406,0.943088586561429,0.8777977189162673,0.7031419284940412,0.6276595744680851,0.7992610837438424,0.9563343540886924,4.803
CARM-Boost fixed single model,custom single boosted model,temporal_latest20,37288,9629,0.0843285907155467,,0.960878447423836,0.7904370308119277,0.9372728216844948,0.8824488043976845,0.6870466321243524,0.5930232558139535,0.8165024630541872,0.9483951457411818,43.237
XGBoost GPU,gradient boosting,temporal_latest20,37288,9629,0.0843285907155467,,0.9605877109323626,0.7863936248420181,0.9382074981825734,0.8818410722456786,0.6896191966614502,0.5981900452488688,0.8140394088669951,0.949642735624362,21.757
Linear SVM SGD,linear margin,temporal_latest20,37288,9629,0.0843285907155467,,0.9594230888492952,0.7555695837425072,0.9172292034479176,0.8988977294758056,0.6411526339486717,0.5053229240596168,0.8768472906403941,0.920948168311217,2.459
Passive-Aggressive,linear margin,temporal_latest20,37288,9629,0.0843285907155467,,0.958645789509853,0.7513697494375455,0.9267836743171668,0.8839889465659432,0.6572678658240155,0.5429718875502008,0.8325123152709359,0.9354655778609504,1.341
HistGradientBoosting SVD,gradient boosting,temporal_latest20,37288,9629,0.0843285907155467,,0.9436138119877018,0.7128655487184103,0.9276144978710148,0.8201513003037683,0.616822429906542,0.5571002979145978,0.6908866995073891,0.9494159011001474,5.139
Ridge classifier,linear,temporal_latest20,37288,9629,0.0843285907155467,,0.9403113024491982,0.6537186204663792,0.9125558209575242,0.8639206559652173,0.6083720930232558,0.4887892376681614,0.8054187192118226,0.9224225927186118,9.334
CatBoost CPU SVD,gradient boosting,temporal_latest20,37288,9629,0.0843285907155467,,0.939291664501682,0.680967680165292,0.8988472323190363,0.841899688856782,0.5632286995515695,0.4428772919605077,0.7733990147783252,0.9104003629352388,10.557
Extra Trees,bagging ensemble,temporal_latest20,37288,9629,0.0843285907155467,,0.9250606614740556,0.5992364409714754,0.933014850971025,0.6648876079628975,0.462947543713572,0.7146529562982005,0.3423645320197044,0.9874106839060904,48.787
Random Forest,bagging ensemble,temporal_latest20,37288,9629,0.0843285907155467,,0.9243763167995548,0.5817638749101804,0.9252258801537024,0.5840439371768935,0.281437125748503,0.7421052631578947,0.1736453201970443,0.9944425541567428,28.52
MLP SVD,neural network,temporal_latest20,37288,9629,0.0843285907155467,,0.9114021921377812,0.6080351477859085,0.9275106449267836,0.7597166607723213,0.5648379052369077,0.571969696969697,0.5578817733990148,0.9615515481456276,15.7
Complement Naive Bayes,probabilistic linear,temporal_latest20,37288,9629,0.0843285907155467,,0.897749938402694,0.5227704989397984,0.896354761657493,0.7958142884519437,0.5234001910219676,0.4274570982839313,0.6748768472906403,0.9167517296132472,0.047
Pareto-CARM thresholded single model,custom single boosted model threshold policy,group_company,37092,9825,0.1150127226463104,0.7576183824539172,0.954266718233956,0.8018715595176092,0.9508396946564884,0.8247805421689812,0.7556904400606981,0.8819362455726092,0.6610619469026549,0.9884991374353076,95.714
Pareto-CARM thresholded single model,custom single boosted model threshold policy,group_epd_source,42343,4574,0.1090948841276781,0.7796329520146049,0.9524182106544375,0.7824349840628895,0.939658941845212,0.8236876206400532,0.7094736842105264,0.7472283813747228,0.6753507014028056,0.9720245398773006,76.962
Pareto-CARM thresholded single model,custom single boosted model threshold policy,temporal_latest20,37288,9629,0.0843285907155467,0.5144841540813437,0.960878447423836,0.7904370308119277,0.9393498805691142,0.8807877024400355,0.6926315789473684,0.6047794117647058,0.8103448275862069,0.9512305772938642,70.06
Domain-feature LightGBM single model,domain-feature gradient boosting,group_company,37092,9825,0.1150127226463104,0.5,0.940631020777886,0.7860930095572918,0.9389312977099236,0.8161276697522226,0.7120921305182342,0.7777777777777778,0.6566371681415929,0.9756181713628522,77.354
Domain-feature LightGBM single model,domain-feature gradient boosting,group_epd_source,42343,4574,0.1090948841276781,0.5,0.9498309502440464,0.7965073129609178,0.940533449934412,0.8285749412936303,0.7154811715481172,0.7483588621444202,0.685370741482966,0.9717791411042944,79.268
Domain-feature LightGBM single model,domain-feature gradient boosting,temporal_latest20,37288,9629,0.0843285907155467,0.5,0.9653887390626372,0.8103168566768141,0.9543047045383736,0.8481427364624206,0.7267080745341615,0.7330827067669173,0.7204433497536946,0.9758421231711466,73.195
CARM_Boost_E temporal recall candidate,custom single boosted model recall policy,temporal_latest20,37288,9629,0.0843285907155467,0.2245029497477742,0.9610681978555756,0.7894468639551003,0.8811922317997716,0.8954324270567774,0.5643564356435643,0.4084895259095921,0.9125615763546798,0.878303277758875,
ACRM application-aware single model,custom single learner with application-aware construction features,group_company,37092,9825,0.1150127226463104,0.5,0.9582612833130628,0.8269899841270487,0.9492111959287532,0.8330998386825914,0.7555120039196472,0.8463227222832053,0.6823008849557523,0.9838987924094308,115.007
ACRM application-aware single model,custom single learner with application-aware construction features,group_epd_source,42343,4574,0.1090948841276781,0.5,0.9590287323112484,0.8076528888988797,0.9442501093135112,0.8359366585932602,0.7318611987381703,0.7699115044247787,0.6973947895791583,0.974478527607362,120.272
ACRM application-aware single model,custom single learner with application-aware construction features,temporal_latest20,37288,9629,0.0843285907155467,0.5,0.9653334970341108,0.806413068724212,0.9554470869249144,0.8487665314040107,0.7317073170731707,0.7433290978398983,0.7204433497536946,0.9770897130543268,118.697
