split,review_fraction,resampling,resampling_unit,n_units,metric,point_estimate,ci_low,ci_high,ci_width
temporal_latest20,0.1,row_level,row,9629,capture,0.7857142857142857,0.7599016063024496,0.8149567490494297,0.05505514274698009
temporal_latest20,0.1,row_level,row,9629,precision,0.6625129802699896,0.6261422637590861,0.7009345794392523,0.0747923156801662
temporal_latest20,0.1,row_level,row,9629,median_relative_reduction_to_p25_true_high_carbon,0.3248376623376623,0.2985288630377524,0.34458300626029426,0.046054143222541866
temporal_latest20,0.1,row_level,row,9629,share_true_high_carbon_with_10pct_opportunity,0.8517350157728707,0.7683214634827538,0.8527568251597378,0.08443536167698407
temporal_latest20,0.1,row_level,row,9629,share_true_high_carbon_with_20pct_opportunity,0.7618296529968455,0.6751065591219813,0.7729323418449995,0.09782578272301823
temporal_latest20,0.1,cluster_company,company,72,capture,0.7857142857142857,0.6822100372751336,0.8850302561215874,0.20282021884645374
temporal_latest20,0.1,cluster_company,company,72,precision,0.6625129802699896,0.47586869975262835,0.7620527194656488,0.28618401971302043
temporal_latest20,0.1,cluster_company,company,72,median_relative_reduction_to_p25_true_high_carbon,0.3248376623376623,0.23621681739384698,0.3578773637529983,0.1216605463591513
temporal_latest20,0.1,cluster_company,company,72,share_true_high_carbon_with_10pct_opportunity,0.8517350157728707,0.6813218799072759,0.8611197454114862,0.17979786550421029
temporal_latest20,0.1,cluster_company,company,72,share_true_high_carbon_with_20pct_opportunity,0.7618296529968455,0.5655057207886076,0.7676737063999338,0.2021679856113262
temporal_latest20,0.1,cluster_plant,plant,351,capture,0.7857142857142857,0.7222881760963953,0.8434163190823775,0.12112814298598218
temporal_latest20,0.1,cluster_plant,plant,351,precision,0.6625129802699896,0.5925434027777777,0.7282215600509029,0.13567815727312516
temporal_latest20,0.1,cluster_plant,plant,351,median_relative_reduction_to_p25_true_high_carbon,0.3248376623376623,0.2920106508937739,0.35260419647456076,0.060593545580786834
temporal_latest20,0.1,cluster_plant,plant,351,share_true_high_carbon_with_10pct_opportunity,0.8517350157728707,0.7626547769984253,0.8579370944484499,0.09528231745002458
temporal_latest20,0.1,cluster_plant,plant,351,share_true_high_carbon_with_20pct_opportunity,0.7618296529968455,0.6666158536585366,0.7819915070459187,0.1153756533873821
temporal_latest20,0.1,cluster_source,source,73,capture,0.7857142857142857,0.673487561601005,0.8862093030616336,0.2127217414606286
temporal_latest20,0.1,cluster_source,source,73,precision,0.6625129802699896,0.478498964935596,0.7590372350348623,0.2805382700992663
temporal_latest20,0.1,cluster_source,source,73,median_relative_reduction_to_p25_true_high_carbon,0.3248376623376623,0.2506558447630923,0.3578938721024591,0.10723802733936683
temporal_latest20,0.1,cluster_source,source,73,share_true_high_carbon_with_10pct_opportunity,0.8517350157728707,0.7002981651376147,0.8608629969400843,0.1605648318024696
temporal_latest20,0.1,cluster_source,source,73,share_true_high_carbon_with_20pct_opportunity,0.7618296529968455,0.5887127990799698,0.7676478015448605,0.1789350024648907
temporal_latest20,0.1,block_issue_quarter,issue_block,12,capture,0.7857142857142857,0.7530617080457402,0.8419791206437188,0.08891741259797858
temporal_latest20,0.1,block_issue_quarter,issue_block,12,precision,0.6625129802699896,0.5641278109751131,0.7087786523795322,0.14465084140441908
temporal_latest20,0.1,block_issue_quarter,issue_block,12,median_relative_reduction_to_p25_true_high_carbon,0.3248376623376623,0.28030590065276356,0.3468383214220702,0.06653242076930665
temporal_latest20,0.1,block_issue_quarter,issue_block,12,share_true_high_carbon_with_10pct_opportunity,0.8517350157728707,0.720280237373121,0.8619735086716218,0.14169327129850084
temporal_latest20,0.1,block_issue_quarter,issue_block,12,share_true_high_carbon_with_20pct_opportunity,0.7618296529968455,0.6344020456333596,0.7752725261464198,0.14087048051306028
temporal_latest20,0.2,row_level,row,9629,capture,0.9408866995073891,0.9223219028674119,0.9550575807671832,0.032735677899771276
temporal_latest20,0.2,row_level,row,9629,precision,0.39667705088265837,0.3701843198338525,0.42161214953271026,0.05142782969885773
temporal_latest20,0.2,row_level,row,9629,median_relative_reduction_to_p25_true_high_carbon,0.327115278760714,0.3037934251668066,0.3413552135678392,0.037561788401032636
temporal_latest20,0.2,row_level,row,9629,share_true_high_carbon_with_10pct_opportunity,0.8710526315789474,0.7919540240656745,0.868791936625679,0.0768379125600045
temporal_latest20,0.2,row_level,row,9629,share_true_high_carbon_with_20pct_opportunity,0.7894736842105263,0.7098415011514104,0.7948840381991814,0.08504253704777098
temporal_latest20,0.2,cluster_company,company,72,capture,0.9408866995073891,0.8834624057919411,0.9770718819202784,0.09360947612833725
temporal_latest20,0.2,cluster_company,company,72,precision,0.39667705088265837,0.2696032998093736,0.49753572746928226,0.22793242765990868
temporal_latest20,0.2,cluster_company,company,72,median_relative_reduction_to_p25_true_high_carbon,0.327115278760714,0.2562671624713959,0.376370292483408,0.12010313001201206
temporal_latest20,0.2,cluster_company,company,72,share_true_high_carbon_with_10pct_opportunity,0.8710526315789474,0.7206442831215971,0.87805314836816,0.15740886524656283
temporal_latest20,0.2,cluster_company,company,72,share_true_high_carbon_with_20pct_opportunity,0.7894736842105263,0.6075466626090484,0.7913406210688161,0.18379395845976765
temporal_latest20,0.2,cluster_plant,plant,351,capture,0.9408866995073891,0.9022459770922633,0.9631163399813203,0.060870362889057006
temporal_latest20,0.2,cluster_plant,plant,351,precision,0.39667705088265837,0.3429374228077398,0.45253462986895676,0.10959720706121695
temporal_latest20,0.2,cluster_plant,plant,351,median_relative_reduction_to_p25_true_high_carbon,0.327115278760714,0.29237009194831015,0.3543241793120126,0.06195408736370245
temporal_latest20,0.2,cluster_plant,plant,351,share_true_high_carbon_with_10pct_opportunity,0.8710526315789474,0.784275641025641,0.8784065271966527,0.09413088617101173
temporal_latest20,0.2,cluster_plant,plant,351,share_true_high_carbon_with_20pct_opportunity,0.7894736842105263,0.6929544063647491,0.8054330372514985,0.11247863088674936
temporal_latest20,0.2,cluster_source,source,73,capture,0.9408866995073891,0.8765747973252855,0.9773760526815678,0.10080125535628226
temporal_latest20,0.2,cluster_source,source,73,precision,0.39667705088265837,0.26533847914256536,0.5015718829516539,0.23623340380908853
temporal_latest20,0.2,cluster_source,source,73,median_relative_reduction_to_p25_true_high_carbon,0.327115278760714,0.25184912221254074,0.37322811607173584,0.1213789938591951
temporal_latest20,0.2,cluster_source,source,73,share_true_high_carbon_with_10pct_opportunity,0.8710526315789474,0.7092608190531513,0.8734953361834434,0.16423451713029213
temporal_latest20,0.2,cluster_source,source,73,share_true_high_carbon_with_20pct_opportunity,0.7894736842105263,0.5983425891064257,0.7904475750238462,0.19210498591742053
temporal_latest20,0.2,block_issue_quarter,issue_block,12,capture,0.9408866995073891,0.8936536264991434,0.961283171376268,0.06762954487712458
temporal_latest20,0.2,block_issue_quarter,issue_block,12,precision,0.39667705088265837,0.3107000009797246,0.44186582668721935,0.13116582570749474
temporal_latest20,0.2,block_issue_quarter,issue_block,12,median_relative_reduction_to_p25_true_high_carbon,0.327115278760714,0.28082843023493925,0.35391923990498814,0.07309080967004888
temporal_latest20,0.2,block_issue_quarter,issue_block,12,share_true_high_carbon_with_10pct_opportunity,0.8710526315789474,0.7458992124119145,0.8791106155306221,0.1332114031187076
temporal_latest20,0.2,block_issue_quarter,issue_block,12,share_true_high_carbon_with_20pct_opportunity,0.7894736842105263,0.6650881724117605,0.7977139840831574,0.13262581167139686
group_company,0.1,row_level,row,9825,capture,0.6991150442477876,0.6766722412807318,0.7200439334946859,0.043371692213954094
group_company,0.1,row_level,row,9825,precision,0.8036622583926755,0.7639877924720244,0.8423194303153612,0.07833163784333674
group_company,0.1,row_level,row,9825,median_relative_reduction_to_p25_true_high_carbon,0.17676767676767674,0.16624589988097555,0.18468773270251593,0.018441832821540383
group_company,0.1,row_level,row,9825,share_true_high_carbon_with_10pct_opportunity,0.7859872611464969,0.749333451918611,0.8258657001498421,0.07653224823123106
group_company,0.1,row_level,row,9825,share_true_high_carbon_with_20pct_opportunity,0.3681528662420382,0.3205112219451372,0.4188459309010079,0.09833470895587071
group_company,0.1,cluster_company,company,17,capture,0.6991150442477876,0.6735423974147878,0.9477740607308286,0.27423166331604076
group_company,0.1,cluster_company,company,17,precision,0.8036622583926755,0.33650406504065045,0.8606248323947439,0.5241207673540934
group_company,0.1,cluster_company,company,17,median_relative_reduction_to_p25_true_high_carbon,0.17676767676767674,0.05357478273058582,0.2613841634114583,0.20780938068087249
group_company,0.1,cluster_company,company,17,share_true_high_carbon_with_10pct_opportunity,0.7859872611464969,0.4056540030596635,0.8273540198132978,0.42170001675363433
group_company,0.1,cluster_company,company,17,share_true_high_carbon_with_20pct_opportunity,0.3681528662420382,0.324997009569378,0.6197991226044792,0.29480211303510123
group_company,0.1,cluster_plant,plant,61,capture,0.6991150442477876,0.5813877973454324,0.8116688989766129,0.23028110163118043
group_company,0.1,cluster_plant,plant,61,precision,0.8036622583926755,0.7001757479240133,0.8599429550238737,0.15976720709986048
group_company,0.1,cluster_plant,plant,61,median_relative_reduction_to_p25_true_high_carbon,0.17676767676767674,0.1633165829145728,0.20224208263823448,0.03892549972366169
group_company,0.1,cluster_plant,plant,61,share_true_high_carbon_with_10pct_opportunity,0.7859872611464969,0.7134367711185478,0.8370047282637991,0.12356795714525137
group_company,0.1,cluster_plant,plant,61,share_true_high_carbon_with_20pct_opportunity,0.3681528662420382,0.2858407071891882,0.5061029016762298,0.22026219448704165
group_company,0.1,cluster_source,source,20,capture,0.6991150442477876,0.6751745909472083,0.95,0.2748254090527916
group_company,0.1,cluster_source,source,20,precision,0.8036622583926755,0.36363636363636365,0.8559018388555114,0.49226547521914776
group_company,0.1,cluster_source,source,20,median_relative_reduction_to_p25_true_high_carbon,0.17676767676767674,0.03840058486164602,0.2375166882452829,0.1991161033836369
group_company,0.1,cluster_source,source,20,share_true_high_carbon_with_10pct_opportunity,0.7859872611464969,0.36283950617283955,0.8192809687243523,0.45644146255151274
group_company,0.1,cluster_source,source,20,share_true_high_carbon_with_20pct_opportunity,0.3681528662420382,0.29628325508607195,0.5757754010695187,0.2794921459834468
group_company,0.1,block_issue_quarter,issue_block,12,capture,0.6991150442477876,0.6848525676237396,0.9074263038548753,0.22257373623113574
group_company,0.1,block_issue_quarter,issue_block,12,precision,0.8036622583926755,0.34323323856905946,0.8571428571428571,0.5139096185737977
group_company,0.1,block_issue_quarter,issue_block,12,median_relative_reduction_to_p25_true_high_carbon,0.17676767676767674,0.04878048780487798,0.2917661171862249,0.24298562938134693
group_company,0.1,block_issue_quarter,issue_block,12,share_true_high_carbon_with_10pct_opportunity,0.7859872611464969,0.4249519230769231,0.8259926647426648,0.40104074166574166
group_company,0.1,block_issue_quarter,issue_block,12,share_true_high_carbon_with_20pct_opportunity,0.3681528662420382,0.3235572693012732,0.6444871794871795,0.3209299101859063
group_company,0.2,row_level,row,9825,capture,0.8716814159292036,0.8532535285169639,0.8904677998111427,0.03721427129417876
group_company,0.2,row_level,row,9825,precision,0.5012722646310432,0.4778625954198473,0.5287531806615776,0.05089058524173029
group_company,0.2,row_level,row,9825,median_relative_reduction_to_p25_true_high_carbon,0.18703241895261835,0.17456359102244387,0.1968216312056737,0.022258040183229827
group_company,0.2,row_level,row,9825,share_true_high_carbon_with_10pct_opportunity,0.8153061224489796,0.77926386756238,0.851901402452873,0.07263753489049307
group_company,0.2,row_level,row,9825,share_true_high_carbon_with_20pct_opportunity,0.44693877551020406,0.4015835671865823,0.49087761682800685,0.08929404964142457
group_company,0.2,cluster_company,company,17,capture,0.8716814159292036,0.8550319972656869,0.9931046291922532,0.13807263192656627
group_company,0.2,cluster_company,company,17,precision,0.5012722646310432,0.17409710705730608,0.5421100763782499,0.36801296932094385
group_company,0.2,cluster_company,company,17,median_relative_reduction_to_p25_true_high_carbon,0.18703241895261835,0.07077434138770025,0.29271593079043323,0.22194158940273298
group_company,0.2,cluster_company,company,17,share_true_high_carbon_with_10pct_opportunity,0.8153061224489796,0.45233516483516484,0.8447094538343465,0.39237428899918164
group_company,0.2,cluster_company,company,17,share_true_high_carbon_with_20pct_opportunity,0.44693877551020406,0.4,0.6615384615384615,0.2615384615384615
group_company,0.2,cluster_plant,plant,61,capture,0.8716814159292036,0.8113888608785137,0.9319422516254029,0.1205533907468892
group_company,0.2,cluster_plant,plant,61,precision,0.5012722646310432,0.40868801544984495,0.58971047327235,0.1810224578225051
group_company,0.2,cluster_plant,plant,61,median_relative_reduction_to_p25_true_high_carbon,0.18703241895261835,0.17042606516290731,0.2187593493994077,0.04833328423650038
group_company,0.2,cluster_plant,plant,61,share_true_high_carbon_with_10pct_opportunity,0.8153061224489796,0.7496164366356393,0.8678538609591618,0.11823742432352258
group_company,0.2,cluster_plant,plant,61,share_true_high_carbon_with_20pct_opportunity,0.44693877551020406,0.3612103582476799,0.5608532690104855,0.1996429107628056
group_company,0.2,cluster_source,source,20,capture,0.8716814159292036,0.8544949506134562,0.9932454954954955,0.1387505448820393
group_company,0.2,cluster_source,source,20,precision,0.5012722646310432,0.1999472295514512,0.5395672347147628,0.3396200051633116
group_company,0.2,cluster_source,source,20,median_relative_reduction_to_p25_true_high_carbon,0.18703241895261835,0.055793991416309016,0.269350830078125,0.21355683866181596
group_company,0.2,cluster_source,source,20,share_true_high_carbon_with_10pct_opportunity,0.8153061224489796,0.4166526845637584,0.8387551595663791,0.4221024750026207
group_company,0.2,cluster_source,source,20,share_true_high_carbon_with_20pct_opportunity,0.44693877551020406,0.37136271529888554,0.5932632482299935,0.221900532931108
group_company,0.2,block_issue_quarter,issue_block,12,capture,0.8716814159292036,0.8610219016369176,0.9922580369357045,0.13123613529878686
group_company,0.2,block_issue_quarter,issue_block,12,precision,0.5012722646310432,0.19432299400538963,0.5452333828137886,0.350910388808399
group_company,0.2,block_issue_quarter,issue_block,12,median_relative_reduction_to_p25_true_high_carbon,0.18703241895261835,0.06749974177110585,0.32178346571787114,0.2542837239467653
group_company,0.2,block_issue_quarter,issue_block,12,share_true_high_carbon_with_10pct_opportunity,0.8153061224489796,0.4675108225108225,0.845240617433414,0.37772979492259157
group_company,0.2,block_issue_quarter,issue_block,12,share_true_high_carbon_with_20pct_opportunity,0.44693877551020406,0.3902439024390244,0.6944746376811594,0.30423073524213495
group_epd_source,0.1,row_level,row,4574,capture,0.6993987975951904,0.6599577347483956,0.7361708654222686,0.07621313067387303
group_epd_source,0.1,row_level,row,4574,precision,0.7620087336244541,0.7096069868995634,0.8035480349344978,0.09394104803493442
group_epd_source,0.1,row_level,row,4574,median_relative_reduction_to_p25_true_high_carbon,0.29080067087871775,0.20383010149977276,0.3243603355103298,0.12053023401055701
group_epd_source,0.1,row_level,row,4574,share_true_high_carbon_with_10pct_opportunity,0.6896551724137931,0.5982022713476325,0.7278171390013496,0.1296148676537171
group_epd_source,0.1,row_level,row,4574,share_true_high_carbon_with_20pct_opportunity,0.5977011494252874,0.5028707849114117,0.643290905304805,0.14042012039339336
group_epd_source,0.1,cluster_company,company,26,capture,0.6993987975951904,0.4913675496766802,0.8975158022957224,0.40614825261904214
group_epd_source,0.1,cluster_company,company,26,precision,0.7620087336244541,0.5659821578858778,0.8850621820237422,0.3190800241378644
group_epd_source,0.1,cluster_company,company,26,median_relative_reduction_to_p25_true_high_carbon,0.29080067087871775,0.08982167956443782,0.3489640115914787,0.2591423320270409
group_epd_source,0.1,cluster_company,company,26,share_true_high_carbon_with_10pct_opportunity,0.6896551724137931,0.4834305021411232,0.7630978028302026,0.27966730068907936
group_epd_source,0.1,cluster_company,company,26,share_true_high_carbon_with_20pct_opportunity,0.5977011494252874,0.37174317617866004,0.6870114173767418,0.3152682411980817
group_epd_source,0.1,cluster_plant,plant,167,capture,0.6993987975951904,0.6045614588143359,0.7953514799154333,0.19079002110109744
group_epd_source,0.1,cluster_plant,plant,167,precision,0.7620087336244541,0.6810481997677119,0.8227764191015574,0.1417282193338455
group_epd_source,0.1,cluster_plant,plant,167,median_relative_reduction_to_p25_true_high_carbon,0.29080067087871775,0.1809872029250457,0.3382772663517673,0.1572900634267216
group_epd_source,0.1,cluster_plant,plant,167,share_true_high_carbon_with_10pct_opportunity,0.6896551724137931,0.5893321428571429,0.7533875338753387,0.16405539101819588
group_epd_source,0.1,cluster_plant,plant,167,share_true_high_carbon_with_20pct_opportunity,0.5977011494252874,0.48351565851565853,0.6774508379347088,0.1939351794190503
group_epd_source,0.1,cluster_source,source,17,capture,0.6993987975951904,0.4840907485875706,0.8990414915966387,0.4149507430090681
group_epd_source,0.1,cluster_source,source,17,precision,0.7620087336244541,0.5745746066424385,0.8714294895336027,0.29685488289116413
group_epd_source,0.1,cluster_source,source,17,median_relative_reduction_to_p25_true_high_carbon,0.29080067087871775,0.11458333333333333,0.340108600156189,0.22552526682285567
group_epd_source,0.1,cluster_source,source,17,share_true_high_carbon_with_10pct_opportunity,0.6896551724137931,0.5127468085106384,0.7551434087148372,0.24239660020419884
group_epd_source,0.1,cluster_source,source,17,share_true_high_carbon_with_20pct_opportunity,0.5977011494252874,0.39883767595088354,0.6838275539690634,0.2849898780181798
group_epd_source,0.1,block_issue_quarter,issue_block,20,capture,0.6993987975951904,0.555840268652358,0.8672706235377886,0.3114303548854306
group_epd_source,0.1,block_issue_quarter,issue_block,20,precision,0.7620087336244541,0.64544850252051,0.8134207440571367,0.1679722415366267
group_epd_source,0.1,block_issue_quarter,issue_block,20,median_relative_reduction_to_p25_true_high_carbon,0.29080067087871775,0.0908593142968143,0.31359335839598995,0.22273404409917563
group_epd_source,0.1,block_issue_quarter,issue_block,20,share_true_high_carbon_with_10pct_opportunity,0.6896551724137931,0.48593110305298864,0.7313523844193666,0.24542128136637792
group_epd_source,0.1,block_issue_quarter,issue_block,20,share_true_high_carbon_with_20pct_opportunity,0.5977011494252874,0.4060724731881703,0.6496399518297329,0.24356747864156258
group_epd_source,0.2,row_level,row,4574,capture,0.8937875751503006,0.8638064935373692,0.9192191616442311,0.05541266810686196
group_epd_source,0.2,row_level,row,4574,precision,0.48743169398907105,0.4491803278688525,0.5245901639344263,0.07540983606557378
group_epd_source,0.2,row_level,row,4574,median_relative_reduction_to_p25_true_high_carbon,0.32458233890214794,0.26184375448812514,0.3427971385361164,0.08095338404799124
group_epd_source,0.2,row_level,row,4574,share_true_high_carbon_with_10pct_opportunity,0.755056179775281,0.6681240657698058,0.7827178918642334,0.11459382609442759
group_epd_source,0.2,row_level,row,4574,share_true_high_carbon_with_20pct_opportunity,0.6741573033707865,0.5826184027032826,0.7046995845317993,0.12208118182851668
group_epd_source,0.2,cluster_company,company,26,capture,0.8937875751503006,0.7670709070242361,0.9630842490842491,0.19601334206001297
group_epd_source,0.2,cluster_company,company,26,precision,0.48743169398907105,0.3097859031063645,0.6573434252864208,0.34755752218005626
group_epd_source,0.2,cluster_company,company,26,median_relative_reduction_to_p25_true_high_carbon,0.32458233890214794,0.131385712597805,0.3606138107416881,0.2292280981438831
group_epd_source,0.2,cluster_company,company,26,share_true_high_carbon_with_10pct_opportunity,0.755056179775281,0.5337994535356393,0.8137124941244059,0.27991304058876665
group_epd_source,0.2,cluster_company,company,26,share_true_high_carbon_with_20pct_opportunity,0.6741573033707865,0.40929722850678735,0.7485628250376576,0.33926559653087024
group_epd_source,0.2,cluster_plant,plant,167,capture,0.8937875751503006,0.8258918415882536,0.9397229599541739,0.1138311183659203
group_epd_source,0.2,cluster_plant,plant,167,precision,0.48743169398907105,0.4062464275769079,0.5683812035951543,0.16213477601824644
group_epd_source,0.2,cluster_plant,plant,167,median_relative_reduction_to_p25_true_high_carbon,0.32458233890214794,0.2382246325154803,0.35111080145151485,0.11288616893603456
group_epd_source,0.2,cluster_plant,plant,167,share_true_high_carbon_with_10pct_opportunity,0.755056179775281,0.6502832077345009,0.7944930986742742,0.14420989093977332
group_epd_source,0.2,cluster_plant,plant,167,share_true_high_carbon_with_20pct_opportunity,0.6741573033707865,0.550945771321629,0.7247796483980978,0.1738338770764688
group_epd_source,0.2,cluster_source,source,17,capture,0.8937875751503006,0.7475398445180377,0.963940681378866,0.21640083686082834
group_epd_source,0.2,cluster_source,source,17,precision,0.48743169398907105,0.3239162815192102,0.6591946346902091,0.3352783531709989
group_epd_source,0.2,cluster_source,source,17,median_relative_reduction_to_p25_true_high_carbon,0.32458233890214794,0.1271794871794873,0.3495170589262985,0.22233757174681118
group_epd_source,0.2,cluster_source,source,17,share_true_high_carbon_with_10pct_opportunity,0.755056179775281,0.5275279734769995,0.7958760864316755,0.268348112954676
group_epd_source,0.2,cluster_source,source,17,share_true_high_carbon_with_20pct_opportunity,0.6741573033707865,0.4253797522534662,0.7204558845190749,0.29507613226560875
group_epd_source,0.2,block_issue_quarter,issue_block,20,capture,0.8937875751503006,0.8024934441861852,0.9551573372506572,0.15266389306447203
group_epd_source,0.2,block_issue_quarter,issue_block,20,precision,0.48743169398907105,0.3711012322332703,0.5846761571226614,0.21357492488939112
group_epd_source,0.2,block_issue_quarter,issue_block,20,median_relative_reduction_to_p25_true_high_carbon,0.32458233890214794,0.13074243085570797,0.3326890330020023,0.20194660214629434
group_epd_source,0.2,block_issue_quarter,issue_block,20,share_true_high_carbon_with_10pct_opportunity,0.755056179775281,0.5290008960573477,0.7888908872901679,0.2598899912328202
group_epd_source,0.2,block_issue_quarter,issue_block,20,share_true_high_carbon_with_20pct_opportunity,0.6741573033707865,0.4350105874192253,0.718132901513969,0.2831223140947437
